channel,url
YouTube 热门,https://www.youtube.com/channel/UCF0pVplsI8R5kcAqgtoRqoA
音乐,https://www.youtube.com/channel/UC-9-kyTW8ZkZNDHQJ6FgpwQ
体育赛事,https://www.youtube.com/channel/UCEgdi0XIXXZ-qJOFPf4JSKw
游戏,https://www.youtube.com/channel/UCOpNcN46UbXVtpKMrmU4Abg
YouTube 电影,https://www.youtube.com/channel/UClgRkhTL3_hImCAmdLfDE4g
电视节目,https://www.youtube.com/channel/UCl8dMTqDrJQ0c8y23UBu4kQ
新闻,https://www.youtube.com/channel/UCYfdidRxbB8Qhf0Nx7ioOYw
直播,https://www.youtube.com/channel/UC4R8DWoMoI7CAwX8_LjQHig
YouTube Spotlight,https://www.youtube.com/channel/UCBR8-60-B28hp2BmDPdntcQ
虚拟实境,https://www.youtube.com/channel/UCzuqhhs6NWbgTzMuM09WKDQ
Kdeb Cooking,https://www.youtube.com/channel/UC49jksLkSkmetiZv2p7uYNg
Alina Valiant,https://www.youtube.com/channel/UCuHRlVlLJdHg_x12ChorvXg
Barnyard Bees,https://www.youtube.com/channel/UC2g3DukLp8dE9Ap7_LLfPeg
Lissa Ray,https://www.youtube.com/channel/UCl-ue2qTgvOLcNcRwYHR9-Q
jade darmawangsa,https://www.youtube.com/channel/UCSPWnWuVALjpQ0s2RL46Wzw
Marling Baits,https://www.youtube.com/channel/UCa-xsrfvLmgaUfPFE1TK7OQ
chamberlainpaintings,https://www.youtube.com/channel/UClTZKdjGPqdf7aeo29vPMoQ
Alteori,https://www.youtube.com/channel/UCinGCtfmkbSTCH7C8BF6HZA
Allie Brooke,https://www.youtube.com/channel/UCdrjphbhFHHqq1nvlq5dQkw
JersBears,https://www.youtube.com/channel/UCv73CiCVYiJMjwNPsYCuOaA
The Dime Drop,https://www.youtube.com/channel/UCdf5X8hXBKnkVTfxuxkLiOQ
Katy Perry,https://www.youtube.com/channel/UCYvmuw-JtVrTZQ-7Y4kd63Q
JustinBieberVEVO,https://www.youtube.com/channel/UCHkj014U2CQ2Nv0UZeYpE_A
Ariana Grande`,https://www.youtube.com/channel/UC9CoOnJkIBMdeijd9qYoT_g
Rihanna,https://www.youtube.com/channel/UCcgqSM4YEo5vVQpqwN-MaNw
OneDirectionVEVO,https://www.youtube.com/channel/UCbW18JZRgko_mOGm5er8Yzg
Beyoncé,https://www.youtube.com/channel/UCuHzBCaKmtaLcRAOoazhCPA
ChrisBrownVEVO,https://www.youtube.com/channel/UCm1dsgJNnhaLkY3uAdqN4mA
Nicki Minaj,https://www.youtube.com/channel/UC3jOd7GUMhpgJRBhiLzuLsg
Sia,https://www.youtube.com/channel/UCN9HPn2fq-NL8M5_kp4RWZQ
EminemMusic,https://www.youtube.com/channel/UCfM3zsQsOnfWNUppiycmBuw
Bruno Mars,https://www.youtube.com/channel/UCoUM-UJ7rirJYP8CQ0EIaHA
CollegeHumor,https://www.youtube.com/channel/UCPDXXXJj9nax0fr0Wfc048g
Annoying Orange,https://www.youtube.com/channel/UCi-5OZ2tYuwMLIcEyOsbdRA
PowerfulJRE,https://www.youtube.com/channel/UCzQUP1qoWDoEbmsQxvdjxgQ
FBE,https://www.youtube.com/channel/UC0v-tlzsn0QZwJnkiaUSJVQ
IISuperwomanII,https://www.youtube.com/channel/UCfm4y4rHF5HGrSr-qbvOwOg
Bart Baker,https://www.youtube.com/channel/UCazMm3tOCkYrIGE_17j0mVg
As/Is,https://www.youtube.com/channel/UCay_OLhWtf9iklq8zg_or0g
nigahiga,https://www.youtube.com/channel/UCSAUGyc_xA8uYzaIVG6MESQ
LeafyIsHere,https://www.youtube.com/channel/UCxJf49T4iTO_jtzWX3rW_jg
fouseyTUBE,https://www.youtube.com/channel/UC1r4VtVE__5K6c_L_3Vlxxg
Smosh,https://www.youtube.com/channel/UCY30JRSgfhYXA6i6xX1erWg
Domo and Crissy,https://www.youtube.com/channel/UC8xDSf5LRGwEf5v9iH6xrwg
Team Coco,https://www.youtube.com/channel/UCi7GJNg51C3jgmYTUwqoUXA
Screen Rant,https://www.youtube.com/channel/UC2iUwfYi_1FCGGqhOUNx-iA
Tana Mongeau,https://www.youtube.com/channel/UClWD8su9Sk6GzZDwy9zs3_w
AwesomenessTV,https://www.youtube.com/channel/UCWljxewHlJE3M7U_6_zFNyA
CinemaSins,https://www.youtube.com/channel/UCYUQQgogVeQY8cMQamhHJcg
Joey Graceffa,https://www.youtube.com/channel/UCGCPAOQDZa_TTTXDr5byjww
Warner Bros. Pictures,https://www.youtube.com/channel/UCjmJDM5pRKbUlVIzDYYWb6g
Sony Pictures Entertainment,https://www.youtube.com/channel/UCz97F7dMxBNOfGYu3rx8aCw
Movieclips Trailers,https://www.youtube.com/channel/UCi8e0iOVk1fEOogdfu4YgfA
Movieclips,https://www.youtube.com/channel/UC3gNmTGu-TTbFPpfSs5kNkg
ScrewAttack,https://www.youtube.com/channel/UCB9_VH_CNbbH4GfKu8qh63w
FaZe Adapt,https://www.youtube.com/channel/UCi87kxosIT3wrnEA-mv4jWA
The Film Theorists,https://www.youtube.com/channel/UC3sznuotAs2ohg_U__Jzj_Q
DanTDM,https://www.youtube.com/channel/UCS5Oz6CHmeoF7vSad0qqXfw
RiceGum,https://www.youtube.com/channel/UCDo9msNItILnyF_Y2eHaNQg
The Game Theorists,https://www.youtube.com/channel/UCo_IB5145EVNcf8hw1Kku7w
GameGrumps,https://www.youtube.com/channel/UC9CuvdOVfMPvKCiwdGKL3cQ
jacksepticeye,https://www.youtube.com/channel/UCYzPXprvl5Y-Sf0g4vX-m6g
SSSniperWolf,https://www.youtube.com/channel/UCpB959t8iPrxQWj7G6n0ctQ
stampylonghead,https://www.youtube.com/channel/UCj5i58mCkAREDqFWlhaQbOw
iHasCupquake,https://www.youtube.com/channel/UCqg2eLFNUu3QN3dttNeOWkw
Brooklyn and Bailey,https://www.youtube.com/channel/UC6QWhGQqf0YDYdRb0n6ojWw
MyLifeAsEva,https://www.youtube.com/channel/UCAoMPWcQKA_9Af5YhWdrZgw
Niki and Gabi,https://www.youtube.com/channel/UCuVHOs0H5hvAHGr8O4yIBNQ
AlishaMarie,https://www.youtube.com/channel/UCSReacwdlGHHyTIyuROhVdQ
jeffreestar,https://www.youtube.com/channel/UCkvK_5omS-42Ovgah8KRKtg
MayBaby,https://www.youtube.com/channel/UCJi_befq0YDYJ9fCeyHxJbg
Cute Girls Hairstyles,https://www.youtube.com/channel/UC2LgZ_4GzSFQS-3a87_Jc6w
Manny Mua,https://www.youtube.com/channel/UCbO9bltbkYwa56nZFQx6XJg
ThreadBanger,https://www.youtube.com/channel/UCBMxQPhfM6nkhQ8vPfQhkCg
Rclbeauty101,https://www.youtube.com/channel/UCB0d0JLn1WcGYcwwZ87d2LA
grav3yardgirl,https://www.youtube.com/channel/UCGwPbAQdGA3_88WBuGtg9tw
Dude Perfect,https://www.youtube.com/channel/UCRijo3ddMTht_IHyNSNXpNQ
WWE,https://www.youtube.com/channel/UCJ5v_MCY6GNUBTO8-D3XoAg
World Rugby,https://www.youtube.com/channel/UCE28rwYoaV7jvU6GVzdu_GQ
StuntsAmazing,https://www.youtube.com/channel/UC0OnAjC52vtL_N3f76BU9dw
THESNEAKERADDICT,https://www.youtube.com/channel/UCbh8eWQ83qZxKkfUbyKEIDA
Transworld Skateboarding,https://www.youtube.com/channel/UCfcyjCP9MOfYlV6gjR9odKA
MLB,https://www.youtube.com/channel/UCoLrcjPV5PbUrUyXq5mjc_A
THE HANNIBAL TV,https://www.youtube.com/channel/UCcpWZrbYzye7-FY4i1ALfVw
SneakerheadinthebayVlogs,https://www.youtube.com/channel/UCYeQhkcRq-_oMa6VLiN9j-g
The Come Up BMX,https://www.youtube.com/channel/UCEt2RMm3EqtoerqX0-fUpfw
Unbox Therapy,https://www.youtube.com/channel/UCsTcErHg8oDvUnTzoqsYeNw
TechSmartt,https://www.youtube.com/channel/UCpT9kL2Eba91BB9CK6wJ4Pg
Linus Tech Tips,https://www.youtube.com/channel/UCXuqSBlHAE6Xw-yeJA0Tunw
ColdFusion,https://www.youtube.com/channel/UC4QZ_LsYcvcq7qOsOhpAX4A
Jonathan Morrison,https://www.youtube.com/channel/UCDlQwv99CovKafGvxyaiNDA
Booredatwork.com,https://www.youtube.com/channel/UC5lDVbmgb-sAcx2fjwy3KQA
XEETECHCARE,https://www.youtube.com/channel/UCTqMx8l2TtdZ7_1A40qrFiQ
Techmoan,https://www.youtube.com/channel/UC5I2hjZYiW9gZPVkvzM8_Cw
Austin Evans,https://www.youtube.com/channel/UCXGgrKt94gR6lmN4aN3mYTg
Tinkernut,https://www.youtube.com/channel/UCZDA1kA3y3EIg25BpcHSpwQ
Tampatec,https://www.youtube.com/channel/UCUfgq9Gn8S041qQFl0C-CEQ
Rosanna Pansino,https://www.youtube.com/channel/UCjwmbv6NE4mOh8Z8VhPUx1Q
Gordon Ramsay,https://www.youtube.com/channel/UCIEv3lZ_tNXHzL3ox-_uUGQ
CHEF MAMA ROSA,https://www.youtube.com/channel/UCu3KOyas91ceUYvkNzNR1Zw
caribbeanpot,https://www.youtube.com/channel/UCJPL-KaRXesxML5G4xrfUAg
Awesome Eats,https://www.youtube.com/channel/UCpI1MgMBfSuTFRrSD7u0tgQ
Bhavna's Kitchen,https://www.youtube.com/channel/UCM4vLyVm4MPhS3o5o729Udg
Common Man Cocktails,https://www.youtube.com/channel/UCm4_NTvhixXU3YFetu8z-aA
Jenny Mustard,https://www.youtube.com/channel/UC7fPf1yuGaYFmbxe0ZrshWw
The Scran Line,https://www.youtube.com/channel/UCj9DfRCLcjY9mFk29b2YyKw
How To Make Sushi,https://www.youtube.com/channel/UCosny7dI3LVZE-GWR1RKxsg
The Young Turks,https://www.youtube.com/channel/UC1yBKRuGpC1tSM73A0ZjYjQ
CNN,https://www.youtube.com/channel/UCupvZG-5ko_eiXAupbDfxWw
The Majority Report w/ Sam Seder,https://www.youtube.com/channel/UC-3jIAlnQmbbVMV6gR7K8aQ
Associated Press,https://www.youtube.com/channel/UC52X5wxOL_s5yw0dQk7NtgA
BBC News,https://www.youtube.com/channel/UC16niRr50-MSBwiO3YDb3RA
RockNewmanShow,https://www.youtube.com/channel/UCkUGywMJVJ9wSN-8OHzLL-w
Thom Hartmann Program,https://www.youtube.com/channel/UCbjBOso0vpWgDht9dPIVwhQ
Comrade Stump,https://www.youtube.com/channel/UCoWIVzxp6oLjsGMGuzzmxig
CBC News,https://www.youtube.com/channel/UCuFFtHWoLl5fauMMD5Ww2jA
The Guardian,https://www.youtube.com/channel/UCHpw8xwDNhU9gdohEcJu4aA
