channel,url
社会摇,https://www.youtube.com/results?search_query=%E7%A4%BE%E4%BC%9A%E6%91%87&pbj=1&ctoken=EswDEgnnpL7kvJrmkYcavgNTSUFGZ2dFTGNtdHdlbmx3WVdkNWJEQ0NBUXRKUTJ4UVNrWlNSbTFSUVlJQkMyNDNTRzFvVkZOYVpraGpnZ0VpVUV4MVVXcFpPVFZRZGtRMFkzbEtlV0ZpZVZSalVuZFRPVzFtV0hGRFoxRkViNElCQzB0M1Z6STVWM1UwY0haSmdnRUxRWHAzZG5BeFJ6VjRMWGVDQVF0VlpWaHpUV1Z5TlZaSVJZSUJDME54WTNsRE0zUTJNMWRyZ2dFTE9YQjJlakF6TmxwSk9XLUNBUXRwUm5neFYzZFVNRGRtTUlJQkMyUnFUWGQzTWpZd2FHcGpnZ0VMYkc1WmVVVTRjbU5FY21lQ0FRdFJhVlpXU25RNGJreDNTWUlCSWxCTUxWWXRPVnBQYUVOa2VVTkhhbEIxZWxkTGJWQlVaV0ZyYmpCVk1FZGtkSEtDQVF0UWMzVnRVVUpwYmkxV2Q0SUJDM0psWmxCcGJGbHNSRlZqZ2dFTGVVdDBZbXhCUlhKc1FtT0NBUXMzWkU5elkyMUhNRkYzVFlJQkMyRnRRVlo1YTJ0eGRYWk5nZ0VMVVU5SWNFbFJSREYzY212cUF3QSUzRBi83ugY&continuation=EswDEgnnpL7kvJrmkYcavgNTSUFGZ2dFTGNtdHdlbmx3WVdkNWJEQ0NBUXRKUTJ4UVNrWlNSbTFSUVlJQkMyNDNTRzFvVkZOYVpraGpnZ0VpVUV4MVVXcFpPVFZRZGtRMFkzbEtlV0ZpZVZSalVuZFRPVzFtV0hGRFoxRkViNElCQzB0M1Z6STVWM1UwY0haSmdnRUxRWHAzZG5BeFJ6VjRMWGVDQVF0VlpWaHpUV1Z5TlZaSVJZSUJDME54WTNsRE0zUTJNMWRyZ2dFTE9YQjJlakF6TmxwSk9XLUNBUXRwUm5neFYzZFVNRGRtTUlJQkMyUnFUWGQzTWpZd2FHcGpnZ0VMYkc1WmVVVTRjbU5FY21lQ0FRdFJhVlpXU25RNGJreDNTWUlCSWxCTUxWWXRPVnBQYUVOa2VVTkhhbEIxZWxkTGJWQlVaV0ZyYmpCVk1FZGtkSEtDQVF0UWMzVnRVVUpwYmkxV2Q0SUJDM0psWmxCcGJGbHNSRlZqZ2dFTGVVdDBZbXhCUlhKc1FtT0NBUXMzWkU5elkyMUhNRkYzVFlJQkMyRnRRVlo1YTJ0eGRYWk5nZ0VMVVU5SWNFbFJSREYzY212cUF3QSUzRBi83ugY&itct=CB4QybcCIhMIo9L8tJGy3AIVAkdYCh0UyAgq
小猪佩奇,https://www.youtube.com/results?search_query=%E5%B0%8F%E7%8C%AA%E4%BD%A9%E5%A5%87&pbj=1&ctoken=EpUDEgzlsI_njKrkvanlpYcahANTTHdGZ2dFTFpUSlFha2xSTTBzMFRFR0NBUXN6Vm1rd04xOUxlbTF4VVlJQkMyWnljVzVCVGpaVlJrMVpnZ0VMTlVocE1FczJZVzFzV0UyQ0FRdFpkSGxMUmtnM2VVZHlaNElCQzFRMlFXWkZRekJTT0VOamdnRUxXSGhMUm5WSVV6SjVTR09DQVF0eFlrUkJiRTl3TVdWVVNZSUJDMlZUYUUxTVRXeHhaVFJWZ2dFTFpYVnlUbTQwYXpCRVZEaUNBUXRxVEZsR1JuQnlabFJ0VVlJQkN6RnZYemhYWjFsSlpFTjNnZ0VMT0c1NFpFbzBNMjFyVjFHQ0FRdFVRbTh3YzE5T2N6VlBVWUlCQzJNNVRWazNWSEp0UWtSWmdnRUxkRnBsWlc1T2QwMURRMDJDQVF0TVpuWnZaVE0wUjJOS2I0SUJDM0pJVTBrdGFtWmhUV3h2Z2dFTGNVeDFWVWx0WVRGeWNsbUNBUXRPUnpreVQxVnlTV1l4VWVvREFBJTNEJTNEGLze6Bg%253D&continuation=EpUDEgzlsI_njKrkvanlpYcahANTTHdGZ2dFTFpUSlFha2xSTTBzMFRFR0NBUXN6Vm1rd04xOUxlbTF4VVlJQkMyWnljVzVCVGpaVlJrMVpnZ0VMTlVocE1FczJZVzFzV0UyQ0FRdFpkSGxMUmtnM2VVZHlaNElCQzFRMlFXWkZRekJTT0VOamdnRUxXSGhMUm5WSVV6SjVTR09DQVF0eFlrUkJiRTl3TVdWVVNZSUJDMlZUYUUxTVRXeHhaVFJWZ2dFTFpYVnlUbTQwYXpCRVZEaUNBUXRxVEZsR1JuQnlabFJ0VVlJQkN6RnZYemhYWjFsSlpFTjNnZ0VMT0c1NFpFbzBNMjFyVjFHQ0FRdFVRbTh3YzE5T2N6VlBVWUlCQzJNNVRWazNWSEp0UWtSWmdnRUxkRnBsWlc1T2QwMURRMDJDQVF0TVpuWnZaVE0wUjJOS2I0SUJDM0pJVTBrdGFtWmhUV3h2Z2dFTGNVeDFWVWx0WVRGeWNsbUNBUXRPUnpreVQxVnlTV1l4VWVvREFBJTNEJTNEGLze6Bg%253D&itct=CB4QybcCIhMI2d6f6JGy3AIVDrBYCh09EQL-
暴走漫画,https://www.youtube.com/results?search_query=%E6%9A%B4%E8%B5%B0%E6%BC%AB%E7%94%BB&pbj=1&ctoken=Eo0DEgzmmrTotbDmvKvnlLsa_AJTR1NDQVFzd1dtWk1iV3RPWTJ0SE5JSUJDM1E0ZVhkSlltdFNjSHBSZ2dFTE1GaHJRVjl4UlZaR1drV0NBUXM0TjJOZmIwMHlabmh1VVlJQkMwMXlXRnBxUlVsUmQySjNnZ0VMU1RBdE9FeERabTV5UkRpQ0FRdDJUalJIV0d4b1VGTjRZNElCQzB0alRYZG1jR2RtWmxCRmdnRUxWRTlLYjNkMloxSkJaMG1DQVFzM2NXdFlPWFZmTURKUVZZSUJDMjFhTkhwWFoxSmtPRVYzZ2dFTE1rcHJMV1E1VUc5d1FUU0NBUXRtZUhWc1IwcEdiM0JoU1lJQkMxSXlPV05KWkZoMlNXaDNnZ0VMZFZoQ2VYQmxiWHBsVVRDQ0FRdGlkV2Q2Ykc1UVNYaDFaNElCQzJ4T2NVbzNhemROYVVkamdnRUxWV3ByY1ZneVZVWlZUSGVDQVF0M2NuZFBNMjFCZFdaaVdZSUJDMjlIWVdSRVJVeHZjalZKNmdNQRi83ugY&continuation=Eo0DEgzmmrTotbDmvKvnlLsa_AJTR1NDQVFzd1dtWk1iV3RPWTJ0SE5JSUJDM1E0ZVhkSlltdFNjSHBSZ2dFTE1GaHJRVjl4UlZaR1drV0NBUXM0TjJOZmIwMHlabmh1VVlJQkMwMXlXRnBxUlVsUmQySjNnZ0VMU1RBdE9FeERabTV5UkRpQ0FRdDJUalJIV0d4b1VGTjRZNElCQzB0alRYZG1jR2RtWmxCRmdnRUxWRTlLYjNkMloxSkJaMG1DQVFzM2NXdFlPWFZmTURKUVZZSUJDMjFhTkhwWFoxSmtPRVYzZ2dFTE1rcHJMV1E1VUc5d1FUU0NBUXRtZUhWc1IwcEdiM0JoU1lJQkMxSXlPV05KWkZoMlNXaDNnZ0VMZFZoQ2VYQmxiWHBsVVRDQ0FRdGlkV2Q2Ykc1UVNYaDFaNElCQzJ4T2NVbzNhemROYVVkamdnRUxWV3ByY1ZneVZVWlZUSGVDQVF0M2NuZFBNMjFCZFdaaVdZSUJDMjlIWVdSRVJVeHZjalZKNmdNQRi83ugY&itct=CB4QybcCIhMI8OvG6Iaz3AIVTWAqCh3goAW0
喜剧,https://www.youtube.com/results?search_query=%E5%96%9C%E5%89%A7&pbj=1&ctoken=EocDEgbllpzliaca_AJTQlNDQVF0VWRuRTBTMHd0YzFob1NZSUJDMDgyYzNGUGFFMTZjR1pWZ2dFTE1YbDJVamt3UkhCeVpUU0NBUXQ0Y2tkU05sTkRZbkpwYzRJQkMxazNVME5LTVdoNlJYUkZnZ0VMWVdjdFMzTndUM3BhZEVXQ0FRdHlOM2N6YXpCTFIwaExOSUlCQzBkZldURjVXbmhzUW01TmdnRUxVRE5mYVU1SWEyaDJjamlDQVF0U1ZVc3RabDl5UlRrNFk0SUJDM0ZTUlRWV01sbHVjekpGZ2dFTFVIZGlhbmw1WWtsb0xWV0NBUXRLTFRsbGF6QldSRGR3VllJQkMwVldiMGRLZVdveVFXb3dnZ0VMUW14QmJsOU5OVmRNYUctQ0FRdFlUWEZLTjJoRVJXWkZVWUlCQ3pOSldWUm1NVXN6WTFkM2dnRUxhbEJmTlhscE4zQmpOVTJDQVF0b1FUQnJla1JUU2xaNFJZSUJDMGN4VVdWdVQzUjNiMFJ6NmdNQRi83ugY&continuation=EocDEgbllpzliaca_AJTQlNDQVF0VWRuRTBTMHd0YzFob1NZSUJDMDgyYzNGUGFFMTZjR1pWZ2dFTE1YbDJVamt3UkhCeVpUU0NBUXQ0Y2tkU05sTkRZbkpwYzRJQkMxazNVME5LTVdoNlJYUkZnZ0VMWVdjdFMzTndUM3BhZEVXQ0FRdHlOM2N6YXpCTFIwaExOSUlCQzBkZldURjVXbmhzUW01TmdnRUxVRE5mYVU1SWEyaDJjamlDQVF0U1ZVc3RabDl5UlRrNFk0SUJDM0ZTUlRWV01sbHVjekpGZ2dFTFVIZGlhbmw1WWtsb0xWV0NBUXRLTFRsbGF6QldSRGR3VllJQkMwVldiMGRLZVdveVFXb3dnZ0VMUW14QmJsOU5OVmRNYUctQ0FRdFlUWEZLTjJoRVJXWkZVWUlCQ3pOSldWUm1NVXN6WTFkM2dnRUxhbEJmTlhscE4zQmpOVTJDQVF0b1FUQnJla1JUU2xaNFJZSUJDMGN4VVdWdVQzUjNiMFJ6NmdNQRi83ugY&itct=CEEQybcCIhMItKewxYiz3AIVlG9YCh2LAQFaKPQk
偶像,https://www.youtube.com/results?search_query=%E5%81%B6%E5%83%8F&pbj=1&ctoken=EuMDEgblgbblg48a2ANTQlNDQVF0dVRFTkVaa2xMWW1sMFdZSUJDek4zZFRCeWFrZEdhV3hKZ2dFTExTMHdXR2hrV1ZvdFIzZUNBUXRaTUZSNVVVdFBkbDh4YTRJQkMybG9VM1JUVW5sbVdGcDNnZ0VMY21KV1kxVTBUbUZQVlRTQ0FTSlFURlZOT0hneU1qUktjbGd0TkVFek1FeEdUVGh6Y0ZSbVpFTk9jbkZ6ZUhOZmdnRUxUR0p2TVRCYVFuRllNRW1DQVF0elNHOXRkVFZFYkRGME9JSUJDMkptWVhwSU1rdHlRMjlOZ2dFTFdrUXdkbWx0YkhWUlRtT0NBU0pRVEhWUWMzbFpPVFpUU0RoaVpWZFhWbWhuVUdsdkxXRTRVVEJMVjJwalFrTmhnZ0VMVUZoVGVsQnpNRk5OT0ctQ0FRdFJkRjlGUVRScVRHSmtPSUlCQzFwRmVsZHRVSEJUVkZGRmdnRUxSVVprZFVaWGFYUkRkR3VDQVF0cFQwTjFjMnBGVkU1cFNZSUJJbEJNYUV0VE1YTmtXakJpU0RGb1JVbDJjVUZYUWpKMk4yUjZVVEZPY2tKVE4xYUNBUXMyY0VsQ2VVNUtOSFJUTklJQkMyZG9kM2w1ZEhnMk16Tk42Z01BGLze6Bg%253D&continuation=EuMDEgblgbblg48a2ANTQlNDQVF0dVRFTkVaa2xMWW1sMFdZSUJDek4zZFRCeWFrZEdhV3hKZ2dFTExTMHdXR2hrV1ZvdFIzZUNBUXRaTUZSNVVVdFBkbDh4YTRJQkMybG9VM1JUVW5sbVdGcDNnZ0VMY21KV1kxVTBUbUZQVlRTQ0FTSlFURlZOT0hneU1qUktjbGd0TkVFek1FeEdUVGh6Y0ZSbVpFTk9jbkZ6ZUhOZmdnRUxUR0p2TVRCYVFuRllNRW1DQVF0elNHOXRkVFZFYkRGME9JSUJDMkptWVhwSU1rdHlRMjlOZ2dFTFdrUXdkbWx0YkhWUlRtT0NBU0pRVEhWUWMzbFpPVFpUU0RoaVpWZFhWbWhuVUdsdkxXRTRVVEJMVjJwalFrTmhnZ0VMVUZoVGVsQnpNRk5OT0ctQ0FRdFJkRjlGUVRScVRHSmtPSUlCQzFwRmVsZHRVSEJUVkZGRmdnRUxSVVprZFVaWGFYUkRkR3VDQVF0cFQwTjFjMnBGVkU1cFNZSUJJbEJNYUV0VE1YTmtXakJpU0RGb1JVbDJjVUZYUWpKMk4yUjZVVEZPY2tKVE4xYUNBUXMyY0VsQ2VVNUtOSFJUTklJQkMyZG9kM2w1ZEhnMk16Tk42Z01BGLze6Bg%253D&itct=CEEQybcCIhMIsMqYxoiz3AIVDjlYCh36cwc3KPQk
历史,https://www.youtube.com/results?search_query=%E5%8E%86%E5%8F%B2&pbj=1&ctoken=EqcEEgbljoblj7IanARTQlNDQVNKUVRHNTZka2cyY0VGS1MxTndVRlpWWTAxMmFGZ3lTa2MxTFVoNGRsUklaMFpYZ2dFTFMyWm5VV1JYVjJGRlptdUNBUXRVWmtOTVpqWXpRbE5QVVlJQkMyVnRjMlpPU3pOb1ZtRnJnZ0VMZW5sRk5YRmZaekZIZEctQ0FRdFVOR2R3YmxWTWVURm1VWUlCSWxCTWFGTlVlRWxyZFhCRE4wTmlNSFU0VFVWbFkzZzVXSFpLTXpsSloxQlZRMVdDQVF0TlVtcE5MVFEyVm01V1VZSUJDMnAwV2xKaVZGQnVMVUk0Z2dFaVVFeFhlVXRIWDBoQ1NFaGFiVkpqTmtzM1NsRmZaR3BqY21OYU9YZDZjWGRVYm9JQkMySnZNMlZoVXpScU4wZEpnZ0VMUkVwcE1FWXhkREIzUVRpQ0FRdGZhV1Z2WDFOQ01rWmxiNElCQzFVNFZqVXdTemhSVEdocmdnRWlVRXhDU1dKcFRGRXRTMmRHVkZGNlpWRlhibFE0ZFhkWU9GQjZNWGxzYkRSQ2M0SUJDelpIUnpORmRrcE5SelJaZ2dFTGVuVkZRMEpOWkVzelExbUNBUXR0ZDJac2JEWmxhV050YjRJQklsQk1ibnAyU0Rad1FVcExVM0JMZDBsRVZYbFBNMUpZUjJRdFlqWlZRV0o1YlZpQ0FRdFZlV3B3YzJFd01UbFNVZW9EQUElM0QlM0QYvN7oGA%253D%253D&continuation=EqcEEgbljoblj7IanARTQlNDQVNKUVRHNTZka2cyY0VGS1MxTndVRlpWWTAxMmFGZ3lTa2MxTFVoNGRsUklaMFpYZ2dFTFMyWm5VV1JYVjJGRlptdUNBUXRVWmtOTVpqWXpRbE5QVVlJQkMyVnRjMlpPU3pOb1ZtRnJnZ0VMZW5sRk5YRmZaekZIZEctQ0FRdFVOR2R3YmxWTWVURm1VWUlCSWxCTWFGTlVlRWxyZFhCRE4wTmlNSFU0VFVWbFkzZzVXSFpLTXpsSloxQlZRMVdDQVF0TlVtcE5MVFEyVm01V1VZSUJDMnAwV2xKaVZGQnVMVUk0Z2dFaVVFeFhlVXRIWDBoQ1NFaGFiVkpqTmtzM1NsRmZaR3BqY21OYU9YZDZjWGRVYm9JQkMySnZNMlZoVXpScU4wZEpnZ0VMUkVwcE1FWXhkREIzUVRpQ0FRdGZhV1Z2WDFOQ01rWmxiNElCQzFVNFZqVXdTemhSVEdocmdnRWlVRXhDU1dKcFRGRXRTMmRHVkZGNlpWRlhibFE0ZFhkWU9GQjZNWGxzYkRSQ2M0SUJDelpIUnpORmRrcE5SelJaZ2dFTGVuVkZRMEpOWkVzelExbUNBUXR0ZDJac2JEWmxhV050YjRJQklsQk1ibnAyU0Rad1FVcExVM0JMZDBsRVZYbFBNMUpZUjJRdFlqWlZRV0o1YlZpQ0FRdFZlV3B3YzJFd01UbFNVZW9EQUElM0QlM0QYvN7oGA%253D%253D&itct=CEEQybcCIhMIgPXvxoiz3AIVAThYCh0HDQZ8KPQk
旅游,https://www.youtube.com/results?search_query=%E6%97%85%E6%B8%B8&pbj=1&ctoken=EqkDEgbml4XmuLgangNTQlNDQVF0SVdUWklNRXBLVTBGck1JSUJDelZEYjIxclkwNUNVMjlKZ2dFTE1scFhXbEExYUVSVGJGR0NBUXR3TUZOeE5FNVNkRFJ3WjRJQkMxRk9SMmRNWmtkeWJYZHZnZ0VMYW1RMFltOXpiRGx5V0hPQ0FRdHdXVlJTVlVSVU5WVnphNElCQzB0Nk9UZDVSV1F6TTJoQmdnRUxhSFZOVGpCVWJrNU9NbG1DQVF0ZmIyRmZkelJLY1VkNWQ0SUJDM00wT1RoWWVsZDFORjg0Z2dFaVVFeG5kMDQwVEdsbmNGZFpZVXRUUlRWQlN6WmtkMm8xYVRkS1JreEZObWhPUzRJQkMxbFhjRFEyT1VwWlpHcGpnZ0VMVVVGaFlsUnRVRFYyV2pDQ0FRdHVOSE52V2toUk16aEJkNElCQzNCdWQxVlhNMU53Y0ZOemdnRUxNRk54WVV0UVpWTm5kRVdDQVF0S2JYSlpPVzVRV1VNdFZZSUJDeTFmYnpFNWNISTNUWFpyZ2dFTFgxTllSWFZRUVRocldWSHFBd0ElM0QYvN7oGA%253D%253D&continuation=EqkDEgbml4XmuLgangNTQlNDQVF0SVdUWklNRXBLVTBGck1JSUJDelZEYjIxclkwNUNVMjlKZ2dFTE1scFhXbEExYUVSVGJGR0NBUXR3TUZOeE5FNVNkRFJ3WjRJQkMxRk9SMmRNWmtkeWJYZHZnZ0VMYW1RMFltOXpiRGx5V0hPQ0FRdHdXVlJTVlVSVU5WVnphNElCQzB0Nk9UZDVSV1F6TTJoQmdnRUxhSFZOVGpCVWJrNU9NbG1DQVF0ZmIyRmZkelJLY1VkNWQ0SUJDM00wT1RoWWVsZDFORjg0Z2dFaVVFeG5kMDQwVEdsbmNGZFpZVXRUUlRWQlN6WmtkMm8xYVRkS1JreEZObWhPUzRJQkMxbFhjRFEyT1VwWlpHcGpnZ0VMVVVGaFlsUnRVRFYyV2pDQ0FRdHVOSE52V2toUk16aEJkNElCQzNCdWQxVlhNMU53Y0ZOemdnRUxNRk54WVV0UVpWTm5kRVdDQVF0S2JYSlpPVzVRV1VNdFZZSUJDeTFmYnpFNWNISTNUWFpyZ2dFTFgxTllSWFZRUVRocldWSHFBd0ElM0QYvN7oGA%253D%253D&itct=CEEQybcCIhMIv-zax4iz3AIVTdNYCh1Gxw5oKPQk
军事,https://www.youtube.com/results?search_query=%E5%86%9B%E4%BA%8B&pbj=1&ctoken=Ep8DEgblhpvkuosalANTQlNDQVFzMVRIbE1WbVkxU1ROQmI0SUJHRlZEVnkxdldsODNPWGxTV1VjNWRtNTNlRE5RYTNNd1VZSUJDMDVKVUdocWEyMWpVVXRWZ2dFTE0yZ3dSMDFKZGpkRVowV0NBUXN6Y0VKdFUzUmFiazgwZDRJQkMzY3RRMVp5TVVkaVNFbFpnZ0VMY0c1UU5uVkhTbmcwUTBXQ0FRdDRlVWhrVlVSck9HdDRXWUlCQ3pCM1dYUkxUR3BzUTNkdmdnRUxMVTUzVEdaTWJGTkhUa1dDQVF0YVFrb3RaSFpXTW1NNFo0SUJDems1VGsxRE5rbE1SV000Z2dFTGMwUnNRV3R3Y2xoaVdFMkNBUXREVlRKa2MxTlBaV2xUYjRJQkMyNW5kRFI2TVdGMVdWaEJnZ0VMV0VacWRrNTJXVE5zWjJlQ0FRdEROVFJLWW0wd01tMDFZNElCQ3poMFFqSjFaM1JSYlhScmdnRUxlRFpQTm5KMFNWbHdhbU9DQVF0SmMxSk9ibDgxWTJ0MGMtb0RBQSUzRCUzRBi83ugY&continuation=Ep8DEgblhpvkuosalANTQlNDQVFzMVRIbE1WbVkxU1ROQmI0SUJHRlZEVnkxdldsODNPWGxTV1VjNWRtNTNlRE5RYTNNd1VZSUJDMDVKVUdocWEyMWpVVXRWZ2dFTE0yZ3dSMDFKZGpkRVowV0NBUXN6Y0VKdFUzUmFiazgwZDRJQkMzY3RRMVp5TVVkaVNFbFpnZ0VMY0c1UU5uVkhTbmcwUTBXQ0FRdDRlVWhrVlVSck9HdDRXWUlCQ3pCM1dYUkxUR3BzUTNkdmdnRUxMVTUzVEdaTWJGTkhUa1dDQVF0YVFrb3RaSFpXTW1NNFo0SUJDems1VGsxRE5rbE1SV000Z2dFTGMwUnNRV3R3Y2xoaVdFMkNBUXREVlRKa2MxTlBaV2xUYjRJQkMyNW5kRFI2TVdGMVdWaEJnZ0VMV0VacWRrNTJXVE5zWjJlQ0FRdEROVFJLWW0wd01tMDFZNElCQ3poMFFqSjFaM1JSYlhScmdnRUxlRFpQTm5KMFNWbHdhbU9DQVF0SmMxSk9ibDgxWTJ0MGMtb0RBQSUzRCUzRBi83ugY&itct=CEEQybcCIhMI5f20yIiz3AIVhZ5YCh2Nig-tKPQk
歌舞,https://www.youtube.com/results?search_query=%E6%AD%8C%E8%88%9E&pbj=1&ctoken=EqkDEgbmrYzoiJ4angNTQlNDQVF0SFRubFhPV281VFhOUlNZSUJDMmx3TnpNeE0yWk5NSGhqZ2dFTGRqbFlOamhqWmpRd1JsV0NBUXRpUmtsZlkxcERUbTV4YTRJQklsQk1XVWhWWVZkSWNXRkpOa2hYUVVKVFIzbHhOVjlwVEdwQk5sbGxjRVZoYTB1Q0FRdFlZbDlhU1RJelkyWk9NSUlCQzI1Sk5VVlZlWE10Wm1jd2dnRUxjbk0zWWxWYVdERTROa1dDQVF0QmRrOVFUMmRKWTBFemQ0SUJDekYxTkhjNWVVNDBXRU5aZ2dFTFVGQlFUM1ZMYVVkSGVVMkNBUXR4U25KSlgzVmhVemQ2TUlJQkMyNUxUWFZDYVhOYWMxcEpnZ0VMT0ROblZtRmFNRVJCUTBXQ0FRdGxWa2REWmxoVlVsOTVZNElCQ3pOU1VpMXJUUzB3UjFCQmdnRUxZWEJYTkRCeFJVVnFiR09DQVF0cFkxa3dlbGxHYkdsZk5JSUJDMWxNYlhKSWR5MWtNVkZCZ2dFTFFreEZNSEZUTWtKR2JGWHFBd0ElM0QYvN7oGA%253D%253D&continuation=EqkDEgbmrYzoiJ4angNTQlNDQVF0SFRubFhPV281VFhOUlNZSUJDMmx3TnpNeE0yWk5NSGhqZ2dFTGRqbFlOamhqWmpRd1JsV0NBUXRpUmtsZlkxcERUbTV4YTRJQklsQk1XVWhWWVZkSWNXRkpOa2hYUVVKVFIzbHhOVjlwVEdwQk5sbGxjRVZoYTB1Q0FRdFlZbDlhU1RJelkyWk9NSUlCQzI1Sk5VVlZlWE10Wm1jd2dnRUxjbk0zWWxWYVdERTROa1dDQVF0QmRrOVFUMmRKWTBFemQ0SUJDekYxTkhjNWVVNDBXRU5aZ2dFTFVGQlFUM1ZMYVVkSGVVMkNBUXR4U25KSlgzVmhVemQ2TUlJQkMyNUxUWFZDYVhOYWMxcEpnZ0VMT0ROblZtRmFNRVJCUTBXQ0FRdGxWa2REWmxoVlVsOTVZNElCQ3pOU1VpMXJUUzB3UjFCQmdnRUxZWEJYTkRCeFJVVnFiR09DQVF0cFkxa3dlbGxHYkdsZk5JSUJDMWxNYlhKSWR5MWtNVkZCZ2dFTFFreEZNSEZUTWtKR2JGWHFBd0ElM0QYvN7oGA%253D%253D&itct=CEEQybcCIhMI3MaPyYiz3AIVDlJYCh2_3QOaKPQk
时尚,https://www.youtube.com/results?search_query=%E6%97%B6%E5%B0%9A&pbj=1&ctoken=EqkDEgbml7blsJoangNTQlNDQVF0dlN6UjZTM0JNTVdVMmE0SUJDMk4zYlMxelZsTTFhVEJ6Z2dFTFpHWTRjV1ZNUlhreGQydUNBUXM1V0VWRWFqWmlUblprTUlJQkN6Vm5MVlpNWjJkVllqZDNnZ0VMWlVVd1kwdGxMVjg1TlRDQ0FRdEdRV2RYWVdoQ1prb3dhNElCQ3pWVWNtRXlRemRyT1hwQmdnRUxVM0JvUTJOUWIxZEtSR2VDQVFzNGVWaFNYMnR1UzNaMmI0SUJDMEpzZGpsTlJXUnhVekZGZ2dFTGIxaEdaVUZGVlhVelNrR0NBUXRuVHpaS05HVldVMVJuWjRJQklsQk1lV2s0VUROd1FsUlRZa3RxVDAxNkxWTndRa1ZuV25CYWRHOXlha2hXVkUtQ0FRdG1ORjlMU1RZeVNXeDZUWUlCQzJaSmNEUXlVMjVqYUZkSmdnRUxiV1V5WmxWRk9UWTVOMi1DQVF0VWNFMXNTRkZFYnpscU9JSUJDMmhNVldoWE1FSkdSRTh3Z2dFTFltWndSRmRHVVdaTmFIUHFBd0ElM0QYvN7oGA%253D%253D&continuation=EqkDEgbml7blsJoangNTQlNDQVF0dlN6UjZTM0JNTVdVMmE0SUJDMk4zYlMxelZsTTFhVEJ6Z2dFTFpHWTRjV1ZNUlhreGQydUNBUXM1V0VWRWFqWmlUblprTUlJQkN6Vm5MVlpNWjJkVllqZDNnZ0VMWlVVd1kwdGxMVjg1TlRDQ0FRdEdRV2RYWVdoQ1prb3dhNElCQ3pWVWNtRXlRemRyT1hwQmdnRUxVM0JvUTJOUWIxZEtSR2VDQVFzNGVWaFNYMnR1UzNaMmI0SUJDMEpzZGpsTlJXUnhVekZGZ2dFTGIxaEdaVUZGVlhVelNrR0NBUXRuVHpaS05HVldVMVJuWjRJQklsQk1lV2s0VUROd1FsUlRZa3RxVDAxNkxWTndRa1ZuV25CYWRHOXlha2hXVkUtQ0FRdG1ORjlMU1RZeVNXeDZUWUlCQzJaSmNEUXlVMjVqYUZkSmdnRUxiV1V5WmxWRk9UWTVOMi1DQVF0VWNFMXNTRkZFYnpscU9JSUJDMmhNVldoWE1FSkdSRTh3Z2dFTFltWndSRmRHVVdaTmFIUHFBd0ElM0QYvN7oGA%253D%253D&itct=CEEQybcCIhMIkOPpyYiz3AIVBudYCh3pCQDNKPQk
少女,https://www.youtube.com/results?search_query=%E5%B0%91%E5%A5%B3&pbj=1&ctoken=EqkDEgblsJHlpbMangNTQlNDQVF0S1Z6Tk9MVWgyVlRCTlFZSUJDMGt6VFc1c2IzUktZV3RGZ2dFTFprdFhXRVZXVjB0b1JuZUNBUXREYVhabmNqUk9RbU5NUVlJQkMyTkhXRk0xUzJWZmNFZzBnZ0VMYmxScFRXeFFZbnAxVGtXQ0FRdEpPWGxMYjFabGVVbzVZNElCQzFRNFVsQlBRazlHVUZoWmdnRUxYMVkwVmpReFVsQm5aVW1DQVF0bWFITmxSREowVWt4VldZSUJDMjlKWW1JM2VIRlVUa2RKZ2dFTFUzUlRZbkZWTkZwTVEyT0NBUXR6WDNOeWJUVjJNMVZLYzRJQkMxZEtZVFpGVUVsNmIwWk5nZ0VMYVRsNlh6Tm5WaTB0ZERTQ0FRdEZWM2xrWmxOSVJqSkJNSUlCQzFGcWNYUlFVVmRaUjBSSmdnRWlVRXhXTmtoSk5UVTRPVGhxUVZJMU0zaExjbUowVVhZelQwbGZaVVJFVVZwUldJSUJDMWxVWlVscWFYZEVlVGRGZ2dFTFluRlNTRjkxTWpSdk0xbnFBd0ElM0QYvN7oGA%253D%253D&continuation=EqkDEgblsJHlpbMangNTQlNDQVF0S1Z6Tk9MVWgyVlRCTlFZSUJDMGt6VFc1c2IzUktZV3RGZ2dFTFprdFhXRVZXVjB0b1JuZUNBUXREYVhabmNqUk9RbU5NUVlJQkMyTkhXRk0xUzJWZmNFZzBnZ0VMYmxScFRXeFFZbnAxVGtXQ0FRdEpPWGxMYjFabGVVbzVZNElCQzFRNFVsQlBRazlHVUZoWmdnRUxYMVkwVmpReFVsQm5aVW1DQVF0bWFITmxSREowVWt4VldZSUJDMjlKWW1JM2VIRlVUa2RKZ2dFTFUzUlRZbkZWTkZwTVEyT0NBUXR6WDNOeWJUVjJNMVZLYzRJQkMxZEtZVFpGVUVsNmIwWk5nZ0VMYVRsNlh6Tm5WaTB0ZERTQ0FRdEZWM2xrWmxOSVJqSkJNSUlCQzFGcWNYUlFVVmRaUjBSSmdnRWlVRXhXTmtoSk5UVTRPVGhxUVZJMU0zaExjbUowVVhZelQwbGZaVVJFVVZwUldJSUJDMWxVWlVscWFYZEVlVGRGZ2dFTFluRlNTRjkxTWpSdk0xbnFBd0ElM0QYvN7oGA%253D%253D&itct=CEEQybcCIhMI_LHJyoiz3AIVjktgCh1fDAX6KPQk
竞技,https://www.youtube.com/results?search_query=%E7%AB%9E%E6%8A%80&pbj=1&ctoken=EqkDEgbnq57mioAangNTQlNDQVF0eUxWaEhka3hMVWpselFZSUJDMUprVmpGcU9XTmplVWcwZ2dFTFNGWjVaak5qYUhGNU1HLUNBUXR1VUdvM1owWTRhVTE0VllJQkMyWmhhMHRVTW1FdFpFRlZnZ0VMWkY4eWRGOTVNalY2VDBHQ0FRczNOWGx2U0ZGV2JtUmZaNElCQzJOemNYSkRNVjl6VGtFNGdnRUxZMVpUVURJeFRXVk1VVUdDQVF0TWFUQkZTa1E0YVVsMVRZSUJDM2M0UldKU2RWaDZVbFJSZ2dFTFZWWmlXR2xvVVhscGF6aUNBUXN4U1hKR1ZHZDZVR0pIWjRJQkMyWkRNM0owTlVwa1dXVkpnZ0VMWTBWM1J6aDVhRVZTV2pTQ0FRdEJVV2hXT1RGamEwWjVTWUlCQzFCa1dFWTFiVmc0Y0VObmdnRUxNRUV4WldKNWJEZ3lXR3VDQVNKUVRGZENPRTB4TTFNek9VaGFSSGRUU1dGNVZqaFRNMFJSUVZCbGJqZE9PRWhEZ2dFTFUydFBOa0ppY21scFNYZnFBd0ElM0QYvN7oGA%253D%253D&continuation=EqkDEgbnq57mioAangNTQlNDQVF0eUxWaEhka3hMVWpselFZSUJDMUprVmpGcU9XTmplVWcwZ2dFTFNGWjVaak5qYUhGNU1HLUNBUXR1VUdvM1owWTRhVTE0VllJQkMyWmhhMHRVTW1FdFpFRlZnZ0VMWkY4eWRGOTVNalY2VDBHQ0FRczNOWGx2U0ZGV2JtUmZaNElCQzJOemNYSkRNVjl6VGtFNGdnRUxZMVpUVURJeFRXVk1VVUdDQVF0TWFUQkZTa1E0YVVsMVRZSUJDM2M0UldKU2RWaDZVbFJSZ2dFTFZWWmlXR2xvVVhscGF6aUNBUXN4U1hKR1ZHZDZVR0pIWjRJQkMyWkRNM0owTlVwa1dXVkpnZ0VMWTBWM1J6aDVhRVZTV2pTQ0FRdEJVV2hXT1RGamEwWjVTWUlCQzFCa1dFWTFiVmc0Y0VObmdnRUxNRUV4WldKNWJEZ3lXR3VDQVNKUVRGZENPRTB4TTFNek9VaGFSSGRUU1dGNVZqaFRNMFJSUVZCbGJqZE9PRWhEZ2dFTFUydFBOa0ppY21scFNYZnFBd0ElM0QYvN7oGA%253D%253D&itct=CEAQybcCIhMIyJCiy4iz3AIVQ5xYCh0r7wRW
科幻,https://www.youtube.com/results?search_query=%E7%A7%91%E5%B9%BB&pbj=1&ctoken=EucDEgbnp5Hlubsa3ANTQlNDQVNKUVRISmhPRVZ4ZEZOblRtUTNNMWxPUzI1eFgzTk9OVE5rVFZwSGQxOWFRWGhWZ2dFWVZVTlVXVGRSUlVRdGRYaHhaMVYwVlRCRFQydHVSbVJuZ2dFWVZVTnhNbUU0YlhWbVgxUkRSMHAwTVVGb1FtWlZMVGRCZ2dFTGVUWnJVR2s0VFVaS00ydUNBUXN3UjJSTVpWZzNOMkZXUllJQkMyRnVMVEYzYm5sQlVtWlZnZ0VMTFRSdVZVRldkVlpDYzFXQ0FRdDJiVTFGYWpsb2EwRjFVWUlCQ3pSalZsQklaMjFqTkZCdmdnRUxTV3h2ZDJGeFNGSkZVSE9DQVF0ak5tMWtia1o0ZVY5a05JSUJDM0ZPY1daaVZEUTJUV05CZ2dFTFVHdDBOVzV6V1RkaVVHdUNBUXRsYW0xMlQyUTJkM0ZIWjRJQkMwMUtjVkJmTWxOeVNrOW5nZ0VMUm1Gak5tbHBXamhHYlRpQ0FRdFFZVzgzYnpWdVduSkVkNElCSWxCTVVVcFljVlEyTVRsV1VHOHlUbUZOV1VGb05YTlVkbUZRVmxOT09WcFdVR1NDQVF0aFVFOUdhRlpHU2pOSVo0SUJDMnRZVEZwRWVHSndWekZ2NmdNQRi83ugY&continuation=EucDEgbnp5Hlubsa3ANTQlNDQVNKUVRISmhPRVZ4ZEZOblRtUTNNMWxPUzI1eFgzTk9OVE5rVFZwSGQxOWFRWGhWZ2dFWVZVTlVXVGRSUlVRdGRYaHhaMVYwVlRCRFQydHVSbVJuZ2dFWVZVTnhNbUU0YlhWbVgxUkRSMHAwTVVGb1FtWlZMVGRCZ2dFTGVUWnJVR2s0VFVaS00ydUNBUXN3UjJSTVpWZzNOMkZXUllJQkMyRnVMVEYzYm5sQlVtWlZnZ0VMTFRSdVZVRldkVlpDYzFXQ0FRdDJiVTFGYWpsb2EwRjFVWUlCQ3pSalZsQklaMjFqTkZCdmdnRUxTV3h2ZDJGeFNGSkZVSE9DQVF0ak5tMWtia1o0ZVY5a05JSUJDM0ZPY1daaVZEUTJUV05CZ2dFTFVHdDBOVzV6V1RkaVVHdUNBUXRsYW0xMlQyUTJkM0ZIWjRJQkMwMUtjVkJmTWxOeVNrOW5nZ0VMUm1Gak5tbHBXamhHYlRpQ0FRdFFZVzgzYnpWdVduSkVkNElCSWxCTVVVcFljVlEyTVRsV1VHOHlUbUZOV1VGb05YTlVkbUZRVmxOT09WcFdVR1NDQVF0aFVFOUdhRlpHU2pOSVo0SUJDMnRZVEZwRWVHSndWekZ2NmdNQRi83ugY&itct=CEEQybcCIhMIwpr7y4iz3AIVCPhYCh3lBgroKPQk
农村,https://www.youtube.com/results?search_query=%E5%86%9C%E6%9D%91&pbj=1&ctoken=EocDEgblhpzmnZEa_AJTQlNDQVF0M01VSlFaa0YyUW5kSFVZSUJDMHRZUmpSWlZYWnNlR0pSZ2dFTE5XTnhWRmRzTldnMFlVbUNBUXRXZUU1WGNtOUhNM1JQVVlJQkMyTm9aMlkxVkdKVFp6UmpnZ0VMZFV4bFJsaEZRWFI2VVRDQ0FRc3hSM280YjA1d2JrODJkNElCQzNKc1VrdGpZMngyVDFNMGdnRUxObm8yTnprelVHVXlVVENDQVF0MlRuUlNVVlpMY0hkUmI0SUJDMjVJYUZScWQxVnVNWG93Z2dFTFRqaFVWelZRZDJoT2MxV0NBUXRvZHkxcE9IRktiemxIT0lJQkMwTlpRbFV3VjFaUmNUTlZnZ0VMTTNkNVJWVjNjRGx0TnppQ0FRdFFYMlptTUV4cU9FRkhaNElCQzJnMk9HSTVMVmhCT1UwMGdnRUxhMmxSTUZKdVdXMWxhM09DQVFzNVVHTmlNMTh3ZEhCVmI0SUJDMkpXVG1SaldFRmtWRzEzNmdNQRi83ugY&continuation=EocDEgblhpzmnZEa_AJTQlNDQVF0M01VSlFaa0YyUW5kSFVZSUJDMHRZUmpSWlZYWnNlR0pSZ2dFTE5XTnhWRmRzTldnMFlVbUNBUXRXZUU1WGNtOUhNM1JQVVlJQkMyTm9aMlkxVkdKVFp6UmpnZ0VMZFV4bFJsaEZRWFI2VVRDQ0FRc3hSM280YjA1d2JrODJkNElCQzNKc1VrdGpZMngyVDFNMGdnRUxObm8yTnprelVHVXlVVENDQVF0MlRuUlNVVlpMY0hkUmI0SUJDMjVJYUZScWQxVnVNWG93Z2dFTFRqaFVWelZRZDJoT2MxV0NBUXRvZHkxcE9IRktiemxIT0lJQkMwTlpRbFV3VjFaUmNUTlZnZ0VMTTNkNVJWVjNjRGx0TnppQ0FRdFFYMlptTUV4cU9FRkhaNElCQzJnMk9HSTVMVmhCT1UwMGdnRUxhMmxSTUZKdVdXMWxhM09DQVFzNVVHTmlNMTh3ZEhCVmI0SUJDMkpXVG1SaldFRmtWRzEzNmdNQRi83ugY&itct=CEEQybcCIhMIp7_gzIiz3AIVGNJYCh3gmg8TKPQk
战争,https://www.youtube.com/results?search_query=%E6%88%98%E4%BA%89&pbj=1&ctoken=EqcEEgbmiJjkuokanARTQlNDQVF0Tk4wOUpWbWRwVlhGdU1JSUJDM2g2TW1oVlJscHlPVzVCZ2dFaVVFdzVMVlZ5VUVaRlZsRm5UbGRoZDNObWQyTmZNRkpUUVV4cWNtUTNSek5wU29JQkMwMHdOVkZTTTJoVGJrdzBnZ0VMTlVWVmJVdFFTMjVFVGxXQ0FRdEpNa3h6T0RSMmNqQktjNElCQzBSaVNrSmhkMll4V205amdnRUxibUZ3VFZaQ1VWUjZXa1dDQVFzdGNIRmZlWHBXWkdkR01JSUJDeTFQVjJ4d05FTkZXbXRKZ2dFaVVFeHlZMnRwV0hOM0xVRm5TemxyV210U1VubFNOMVJVVldaUmNVNU5aUzFwV29JQkMwWk1kWEoxUzNwRWJESnpnZ0VMWjJoWVgydG1kemxyVFRpQ0FTSlFUREJsYkhObmR6UkRNbXg0U3pJeVEySmlVRlJZUkd4bVZYbGtSRVU1VWpOUmdnRWlVRXhCY1U5R1pUQnFObFJsVjBGYVdGZDBWRlp6UjFkRlpHaGxaRFV0TmtGb1JZSUJDMjVJVmtGdmJYUktabU5GZ2dFTGFYbDRUalU1YTA5SWNqU0NBUXRwYlhFelZWTkVkRUpsUVlJQklsQk1aV3RrV1RGVWNFUm9halpIVGtOdlZVeFhjazB3TnpSR1IxQjFkbVo2TVZHQ0FRdG9ObXhDU1ZCQ1ZUSkxNT29EQUElM0QlM0QYvN7oGA%253D%253D&continuation=EqcEEgbmiJjkuokanARTQlNDQVF0Tk4wOUpWbWRwVlhGdU1JSUJDM2g2TW1oVlJscHlPVzVCZ2dFaVVFdzVMVlZ5VUVaRlZsRm5UbGRoZDNObWQyTmZNRkpUUVV4cWNtUTNSek5wU29JQkMwMHdOVkZTTTJoVGJrdzBnZ0VMTlVWVmJVdFFTMjVFVGxXQ0FRdEpNa3h6T0RSMmNqQktjNElCQzBSaVNrSmhkMll4V205amdnRUxibUZ3VFZaQ1VWUjZXa1dDQVFzdGNIRmZlWHBXWkdkR01JSUJDeTFQVjJ4d05FTkZXbXRKZ2dFaVVFeHlZMnRwV0hOM0xVRm5TemxyV210U1VubFNOMVJVVldaUmNVNU5aUzFwV29JQkMwWk1kWEoxUzNwRWJESnpnZ0VMWjJoWVgydG1kemxyVFRpQ0FTSlFUREJsYkhObmR6UkRNbXg0U3pJeVEySmlVRlJZUkd4bVZYbGtSRVU1VWpOUmdnRWlVRXhCY1U5R1pUQnFObFJsVjBGYVdGZDBWRlp6UjFkRlpHaGxaRFV0TmtGb1JZSUJDMjVJVmtGdmJYUktabU5GZ2dFTGFYbDRUalU1YTA5SWNqU0NBUXRwYlhFelZWTkVkRUpsUVlJQklsQk1aV3RrV1RGVWNFUm9halpIVGtOdlZVeFhjazB3TnpSR1IxQjFkbVo2TVZHQ0FRdG9ObXhDU1ZCQ1ZUSkxNT29EQUElM0QlM0QYvN7oGA%253D%253D&itct=CEEQybcCIhMI0p62zYiz3AIVFu9YCh1pKguzKPQk
真人秀,https://www.youtube.com/results?search_query=%E7%9C%9F%E4%BA%BA%E7%A7%80&pbj=1&ctoken=EuQEEgnnnJ_kurrnp4Aa1gRTQlNDQVNKUVRHMUlkbU5zYVY4NWJXdFJSeTFUU2tsa1NWaEVOeTFXT1VGNU9VMU1kbU5qZ2dFTE5sTXlkbmxOWjFkclpGV0NBUXRIU0ZKVGNUSTJka3g1YjRJQkMySnZkMEU0WW05Zk9HUk5nZ0VMYVRGd1IxbEdOak5UYVRDQ0FRdHBNVlYyUm0xTFkwaDJRWUlCQzNwVWMyeFJSa1p5U0dsM2dnRUxTbXBXTWkxdVlXYzFhM2VDQVF0alRHUlhOMnB1UmtORVk0SUJDMGRsYW1OVFQyNHdRV3hCZ2dFaVVFeEpZelZ6VmtveFNrWlFhbWhqUVRCWk4zRXdiM2hKUnkwd1ZXY3lhSGhsVG9JQkMxSXhlVjl5YjJWRFpHNXZnZ0VpVUV3NWFFSkRiMFF3WkhJeFdVdFllV2hYVmxod09VRlVRa00yVUZBNWVrOVNTb0lCSWxCTWRFWkVkbWd4VTBkR2NUbHRiSEZIT0Zsak5uVmpabFo0Y205WVRHSkNZMnFDQVNKUVRIQkNYMWhNT1d4blJtbGZhV3czVWtsV1lYVmxWM3BxVlZKelFscHplRVpaZ2dFTFRGRTRhR2MyUjBOWWRVMkNBU0pRVEUxWU1qWmhhVWwyV0RWd1dYQlFkMGxpUlc5ckxVMW1OVzV5VVV0QlUzazNnZ0VMU1RkSFlXdGpVVEpEUTFXQ0FTSlFURkEwTm5sM2EyY3hWREJQUlRoRlJIZ3daMk5OYm5sNVdFTkJhMU50VjNKTGdnRUxlbWRzWVU1T01IRkRUVGpxQXdBJTNEGLze6Bg%253D&continuation=EuQEEgnnnJ_kurrnp4Aa1gRTQlNDQVNKUVRHMUlkbU5zYVY4NWJXdFJSeTFUU2tsa1NWaEVOeTFXT1VGNU9VMU1kbU5qZ2dFTE5sTXlkbmxOWjFkclpGV0NBUXRIU0ZKVGNUSTJka3g1YjRJQkMySnZkMEU0WW05Zk9HUk5nZ0VMYVRGd1IxbEdOak5UYVRDQ0FRdHBNVlYyUm0xTFkwaDJRWUlCQzNwVWMyeFJSa1p5U0dsM2dnRUxTbXBXTWkxdVlXYzFhM2VDQVF0alRHUlhOMnB1UmtORVk0SUJDMGRsYW1OVFQyNHdRV3hCZ2dFaVVFeEpZelZ6VmtveFNrWlFhbWhqUVRCWk4zRXdiM2hKUnkwd1ZXY3lhSGhsVG9JQkMxSXhlVjl5YjJWRFpHNXZnZ0VpVUV3NWFFSkRiMFF3WkhJeFdVdFllV2hYVmxod09VRlVRa00yVUZBNWVrOVNTb0lCSWxCTWRFWkVkbWd4VTBkR2NUbHRiSEZIT0Zsak5uVmpabFo0Y205WVRHSkNZMnFDQVNKUVRIQkNYMWhNT1d4blJtbGZhV3czVWtsV1lYVmxWM3BxVlZKelFscHplRVpaZ2dFTFRGRTRhR2MyUjBOWWRVMkNBU0pRVEUxWU1qWmhhVWwyV0RWd1dYQlFkMGxpUlc5ckxVMW1OVzV5VVV0QlUzazNnZ0VMU1RkSFlXdGpVVEpEUTFXQ0FTSlFURkEwTm5sM2EyY3hWREJQUlRoRlJIZ3daMk5OYm5sNVdFTkJhMU50VjNKTGdnRUxlbWRzWVU1T01IRkRUVGpxQXdBJTNEGLze6Bg%253D&itct=CEEQybcCIhMIg_aNzoiz3AIVE7VYCh1WrgqFKPQk
动画,https://www.youtube.com/results?search_query=%E5%8A%A8%E7%94%BB&pbj=1&ctoken=EssDEgbliqjnlLsawANTQlNDQVF0bE9GTjRhMGwxTjB4RFo0SUJDMWgxYW5GUE9XYzJiMFZ6Z2dFTFpWTjNTMlZhWVZCMlZYZUNBUXRTTkRNM2JHcENiVEozWjRJQkN5MUZVRkJSZG5veU5uWkJnZ0VMY1ZWNlNGQTBZVFZxU1dlQ0FRdFNZMUZqU1VaTE5FTlhRWUlCQzJKQk5GTTVXV05NWVhWVmdnRUxObWhGZVVScFQxUlFaVm1DQVF0elZYUm9abTAwWkZacVRZSUJDMVJGV1ZGeGNWODNjVmRWZ2dFTFlURk9iRGRJTmxCcWNUQ0NBUXRmYkcxUVpuTjZjM28wYzRJQkMxaHNZekV3WkhRMmVqSnJnZ0VpVUV4dlMxTkxhamR6YVZkYWVtaFRSRkJXV25GWlVVSkxPSE0yTWw5R1V6WktPSUlCQzNWc2FqRlBaRzVoWVVZd2dnRWlVRXhyYkZGbGJYWkxWM2RKTlRoRk1WWmtjVTVYV0RreGJqUmxRamR3TW1aQ09ZSUJDMDAxVDJ0U2FuTkxaWFUwZ2dFTGRWbzBkVlpqZDAxMFFXT0NBUXR4WWpKSGRVMXBka1Z4Wi1vREFBJTNEJTNEGLze6Bg%253D&continuation=EssDEgbliqjnlLsawANTQlNDQVF0bE9GTjRhMGwxTjB4RFo0SUJDMWgxYW5GUE9XYzJiMFZ6Z2dFTFpWTjNTMlZhWVZCMlZYZUNBUXRTTkRNM2JHcENiVEozWjRJQkN5MUZVRkJSZG5veU5uWkJnZ0VMY1ZWNlNGQTBZVFZxU1dlQ0FRdFNZMUZqU1VaTE5FTlhRWUlCQzJKQk5GTTVXV05NWVhWVmdnRUxObWhGZVVScFQxUlFaVm1DQVF0elZYUm9abTAwWkZacVRZSUJDMVJGV1ZGeGNWODNjVmRWZ2dFTFlURk9iRGRJTmxCcWNUQ0NBUXRmYkcxUVpuTjZjM28wYzRJQkMxaHNZekV3WkhRMmVqSnJnZ0VpVUV4dlMxTkxhamR6YVZkYWVtaFRSRkJXV25GWlVVSkxPSE0yTWw5R1V6WktPSUlCQzNWc2FqRlBaRzVoWVVZd2dnRWlVRXhyYkZGbGJYWkxWM2RKTlRoRk1WWmtjVTVYV0RreGJqUmxRamR3TW1aQ09ZSUJDMDAxVDJ0U2FuTkxaWFUwZ2dFTGRWbzBkVlpqZDAxMFFXT0NBUXR4WWpKSGRVMXBka1Z4Wi1vREFBJTNEJTNEGLze6Bg%253D&itct=CEAQybcCIhMIwMXuzoiz3AIVF-1YCh10aQzc
汽车,https://www.youtube.com/results?search_query=%E6%B1%BD%E8%BD%A6&pbj=1&ctoken=Eq0DEgbmsb3ovaYaogNTQlNDQVJoVlEyZGZRazlPYzJoVFVXNUhUVGMxZUdZdGMxbEljRUdDQVFzNFpGVXlZMUZOYm1oVGQ0SUJDMVJoYkZKalIwa3dWekJaZ2dFTFl6bFdNeTFHZW5aNVZXT0NBUXMwV1VOWllqWmZkMnBNV1lJQkMwRmhPR1JsT1c5VE0waHpnZ0VMU0ZvMGNUQnNSSGhzUnpDQ0FRdEhOazFWTFZoRmJucGlhNElCQzNaS1dUUnpMV1E0UmpGamdnRUxORXRyUkV3d2FFTTJZVW1DQVFzNVZGVnRUR3h4UTFkcFVZSUJDMEo2WlhoU09FUkVNV1YzZ2dFWVZVTnJiVFpwUVU5RVFtbEhTblEzUjJaR1dFWnRRblozZ2dFTGExaDBPRkJpU21KdFREQ0NBUXRaWTJSWlRVVnpaamRrU1lJQkMxWjNZbmw2T1VrME0wNTNnZ0VMZGtWbFpVaHZRVGx2V1ZXQ0FRdHZTVzgxVG5aaGRFVlRTWUlCQ3pKVWNsTjZSVWhPWjBWRmdnRUxka0pQUzI5R2IwRmxNbVBxQXdBJTNEGLze6Bg%253D&continuation=Eq0DEgbmsb3ovaYaogNTQlNDQVJoVlEyZGZRazlPYzJoVFVXNUhUVGMxZUdZdGMxbEljRUdDQVFzNFpGVXlZMUZOYm1oVGQ0SUJDMVJoYkZKalIwa3dWekJaZ2dFTFl6bFdNeTFHZW5aNVZXT0NBUXMwV1VOWllqWmZkMnBNV1lJQkMwRmhPR1JsT1c5VE0waHpnZ0VMU0ZvMGNUQnNSSGhzUnpDQ0FRdEhOazFWTFZoRmJucGlhNElCQzNaS1dUUnpMV1E0UmpGamdnRUxORXRyUkV3d2FFTTJZVW1DQVFzNVZGVnRUR3h4UTFkcFVZSUJDMEo2WlhoU09FUkVNV1YzZ2dFWVZVTnJiVFpwUVU5RVFtbEhTblEzUjJaR1dFWnRRblozZ2dFTGExaDBPRkJpU21KdFREQ0NBUXRaWTJSWlRVVnpaamRrU1lJQkMxWjNZbmw2T1VrME0wNTNnZ0VMZGtWbFpVaHZRVGx2V1ZXQ0FRdHZTVzgxVG5aaGRFVlRTWUlCQ3pKVWNsTjZSVWhPWjBWRmdnRUxka0pQUzI5R2IwRmxNbVBxQXdBJTNEGLze6Bg%253D&itct=CEEQybcCIhMIrrzEz4iz3AIVllpgCh0c6QJgKPQk
搞笑,https://www.youtube.com/results?search_query=%E6%90%9E%E7%AC%91&pbj=1&ctoken=EocDEgbmkJ7nrJEa_AJTQlNDQVF0ekxVZzBja1JNUldWbmE0SUJDMHBqU0dkbVJqSTJUakpGZ2dFTFMyRm1UM0U1YkZSZlNGR0NBUXMzUkdKWlpHaGlSV1JOUllJQkMzZzNTMHB0UlRoc2EwaE5nZ0VMVURoUVNFWmhSRGhQYjItQ0FRdDBNVEIxYlRaRlJrUkpWWUlCQ3paNWIxVTFSbEEyTkdwemdnRUxSR3d4VGkxWmVtTkJVbS1DQVF0eVF6SnljbUU1WkZCbE1JSUJDMlIzVTBFeU5DMWFZelJCZ2dFTE1tYzVVekV4YUdVeGNFV0NBUXN6TTJOZmNsZDZUaTFJYjRJQkMyRkROMUp0TUd0MGVGZ3dnZ0VMV0hNemFUZDFkV0paWDFtQ0FRdDFNVmhDTmkxSVNIZ3dPSUlCQzNoSk1pMWljMlJHYTJVd2dnRUxUMEZaZDFoSFF6bHRiRUdDQVF0bllWZFVlblEwZWpKMmM0SUJDMjlPUm5oSlEwazRkR293NmdNQRi83ugY&continuation=EocDEgbmkJ7nrJEa_AJTQlNDQVF0ekxVZzBja1JNUldWbmE0SUJDMHBqU0dkbVJqSTJUakpGZ2dFTFMyRm1UM0U1YkZSZlNGR0NBUXMzUkdKWlpHaGlSV1JOUllJQkMzZzNTMHB0UlRoc2EwaE5nZ0VMVURoUVNFWmhSRGhQYjItQ0FRdDBNVEIxYlRaRlJrUkpWWUlCQ3paNWIxVTFSbEEyTkdwemdnRUxSR3d4VGkxWmVtTkJVbS1DQVF0eVF6SnljbUU1WkZCbE1JSUJDMlIzVTBFeU5DMWFZelJCZ2dFTE1tYzVVekV4YUdVeGNFV0NBUXN6TTJOZmNsZDZUaTFJYjRJQkMyRkROMUp0TUd0MGVGZ3dnZ0VMV0hNemFUZDFkV0paWDFtQ0FRdDFNVmhDTmkxSVNIZ3dPSUlCQzNoSk1pMWljMlJHYTJVd2dnRUxUMEZaZDFoSFF6bHRiRUdDQVF0bllWZFVlblEwZWpKMmM0SUJDMjlPUm5oSlEwazRkR293NmdNQRi83ugY&itct=CEEQybcCIhMI4qqZ0Iiz3AIVSnKLCh3E-AotKPQk
纪录片,https://www.youtube.com/results?search_query=%E7%BA%AA%E5%BD%95%E7%89%87&pbj=1&ctoken=EqwDEgnnuqrlvZXniYcangNTQlNDQVF0WlkybGtiM0p1VVRkeVZZSUJDMjVxYTFVeFoyMXhRMkkwZ2dFTE1XZFVjVnB1VUZSVGFWR0NBUXQxZVdGMVNqTTBaREpMTUlJQkMydG5TWGM1Wm5OSGIwVlZnZ0VpVUV3elVsSTFSR1J0VUhsUGMyZHdhVjh0WTBwTVlWTkdUbFpQVFdsclExcHlZb0lCQzFVeU9Hc3hVMVJtVDBsWmdnRUxhbk40VlVweVRtaGZNMDJDQVF0SVlUbEZTREV6VGpCME9JSUJDM0YyYTNGTFoydHJkbFJuZ2dFTFdFdFhWRkUyWVd0d2RWV0NBUXMwY0hnMk9HTjVTVXBsYjRJQkMzcHBTbUpZYmxSU2NFWTRnZ0VMVDAwNE1qWlVUVkJPYkRpQ0FRdEdWWGc0U2trMmJHOVJZNElCQzFsMGR6SnVNMFpZYWxnd2dnRUxhMGRwTTBFME5IUm9VVTJDQVF0MmVGZE5aMjVWVG10dk1JSUJDM1JWYzJobVQzRjNNbFZCZ2dFTFZVeElkVVJGZGtJeloxbnFBd0ElM0QYvN7oGA%253D%253D&continuation=EqwDEgnnuqrlvZXniYcangNTQlNDQVF0WlkybGtiM0p1VVRkeVZZSUJDMjVxYTFVeFoyMXhRMkkwZ2dFTE1XZFVjVnB1VUZSVGFWR0NBUXQxZVdGMVNqTTBaREpMTUlJQkMydG5TWGM1Wm5OSGIwVlZnZ0VpVUV3elVsSTFSR1J0VUhsUGMyZHdhVjh0WTBwTVlWTkdUbFpQVFdsclExcHlZb0lCQzFVeU9Hc3hVMVJtVDBsWmdnRUxhbk40VlVweVRtaGZNMDJDQVF0SVlUbEZTREV6VGpCME9JSUJDM0YyYTNGTFoydHJkbFJuZ2dFTFdFdFhWRkUyWVd0d2RWV0NBUXMwY0hnMk9HTjVTVXBsYjRJQkMzcHBTbUpZYmxSU2NFWTRnZ0VMVDAwNE1qWlVUVkJPYkRpQ0FRdEdWWGc0U2trMmJHOVJZNElCQzFsMGR6SnVNMFpZYWxnd2dnRUxhMGRwTTBFME5IUm9VVTJDQVF0MmVGZE5aMjVWVG10dk1JSUJDM1JWYzJobVQzRjNNbFZCZ2dFTFZVeElkVVJGZGtJeloxbnFBd0ElM0QYvN7oGA%253D%253D&itct=CEEQybcCIhMIkejy0Iiz3AIV0g8qCh010Q3BKPQk
新闻,https://www.youtube.com/results?search_query=%E6%96%B0%E9%97%BB&pbj=1&ctoken=Ep8DEgbmlrDpl7salANTQlNDQVF0MlEwUkVXV0pmVFRKQ05JSUJDMUZoTW1WaWVVNTVRVGxqZ2dFTE1FSnFWWFk0YUhGTllqQ0NBUXRTVEY5SFJVczJOMDlQTklJQkMzaE5aRVJZWm5vM1YxRjNnZ0VMU25nNVVVWm5Xa3MwU2syQ0FRdDFOVmhmYUdsSWRFdHJUWUlCR0ZWRFNFRldTR0pXTWxoaGJqa3dNamxXUldoVUxUaHBVWUlCQ3pWb1NFOWxRMnhaVlVkRmdnRUxWRFpHUlRKQ2VHOTVYM2VDQVF0dk1ubEhhR1V5WDA4d1dZSUJDMEpzVVdkR09VZHVXVU0wZ2dFTFkzUnlNRk51UzNoNmRuT0NBUXRNY1VsQlIxQkJZVTE0ZDRJQkMzSlNSVmx6WDJKdWMySnpnZ0VMYlVOSFNXSmlOR00yYzBtQ0FRdDNWVkJRYTFOQlRuQjViNElCQ3pSNmVtbHlTRE5aT1c0MGdnRUxlVk5JUlRFeFgxRkVRM2VDQVF0dE1rMTJlVFo1WW5WQlktb0RBQSUzRCUzRBi83ugY&continuation=Ep8DEgbmlrDpl7salANTQlNDQVF0MlEwUkVXV0pmVFRKQ05JSUJDMUZoTW1WaWVVNTVRVGxqZ2dFTE1FSnFWWFk0YUhGTllqQ0NBUXRTVEY5SFJVczJOMDlQTklJQkMzaE5aRVJZWm5vM1YxRjNnZ0VMU25nNVVVWm5Xa3MwU2syQ0FRdDFOVmhmYUdsSWRFdHJUWUlCR0ZWRFNFRldTR0pXTWxoaGJqa3dNamxXUldoVUxUaHBVWUlCQ3pWb1NFOWxRMnhaVlVkRmdnRUxWRFpHUlRKQ2VHOTVYM2VDQVF0dk1ubEhhR1V5WDA4d1dZSUJDMEpzVVdkR09VZHVXVU0wZ2dFTFkzUnlNRk51UzNoNmRuT0NBUXRNY1VsQlIxQkJZVTE0ZDRJQkMzSlNSVmx6WDJKdWMySnpnZ0VMYlVOSFNXSmlOR00yYzBtQ0FRdDNWVkJRYTFOQlRuQjViNElCQ3pSNmVtbHlTRE5aT1c0MGdnRUxlVk5JUlRFeFgxRkVRM2VDQVF0dE1rMTJlVFo1WW5WQlktb0RBQSUzRCUzRBi83ugY&itct=CEEQybcCIhMIoJrQ0Yiz3AIVEcpYCh096Qp-KPQk
体育,https://www.youtube.com/results?search_query=%E4%BD%93%E8%82%B2&pbj=1&ctoken=Et8DEgbkvZPogrIa1ANTQlNDQVF0bVZIZEJlakZLUXpSNVNZSUJDek41YjBwWk1FbHhhVll3Z2dFWVZVTnRVa3RDVWxKclJWazVaRTF5UzFRd1lVaFRRbXhuZ2dFTFVYTTVRelZ6VmtwMVZuT0NBUXR6UmxKMVVsWktVMnhLWTRJQkMyNUlhMmRKY0RnelRIcFZnZ0VMVjJWRFdtazNTbXRoUW5lQ0FRczRaMEZrTVRGcFdHZGZTWUlCQzBZemJYWlRabU4wZGxOQmdnRUxlakZVTjBkRVUzVnhWbG1DQVF0U1JqbExaM1l5Ym5OeGM0SUJDMDVwT0c1TE4yVjNlbU5qZ2dFTFJVZHFWREZZY1UxUmJqU0NBUXRzVmtsSWVXbzVjVlo1TUlJQkN6RjBXa2RPVkVWbmJtUlpnZ0VOVWtSbVZIZEJlakZLUXpSNVNZSUJDMnh1WmtGaVVHdE5Xa2c0Z2dFaVVFeFNRa05zVm1WNU5VSnhla3c0ZFdoU1lraFhkME5sVmpObWJHMXZOSGd4V1lJQklsQk1SM0JIYzBkYU0yeHRZa05yVFZNNGNVWTFWR3RuYldkSWR6bFFlamxZVUVpQ0FRdFRhMm8zUlhoMlpUaHJjLW9EQUElM0QlM0QYvN7oGA%253D%253D&continuation=Et8DEgbkvZPogrIa1ANTQlNDQVF0bVZIZEJlakZLUXpSNVNZSUJDek41YjBwWk1FbHhhVll3Z2dFWVZVTnRVa3RDVWxKclJWazVaRTF5UzFRd1lVaFRRbXhuZ2dFTFVYTTVRelZ6VmtwMVZuT0NBUXR6UmxKMVVsWktVMnhLWTRJQkMyNUlhMmRKY0RnelRIcFZnZ0VMVjJWRFdtazNTbXRoUW5lQ0FRczRaMEZrTVRGcFdHZGZTWUlCQzBZemJYWlRabU4wZGxOQmdnRUxlakZVTjBkRVUzVnhWbG1DQVF0U1JqbExaM1l5Ym5OeGM0SUJDMDVwT0c1TE4yVjNlbU5qZ2dFTFJVZHFWREZZY1UxUmJqU0NBUXRzVmtsSWVXbzVjVlo1TUlJQkN6RjBXa2RPVkVWbmJtUlpnZ0VOVWtSbVZIZEJlakZLUXpSNVNZSUJDMnh1WmtGaVVHdE5Xa2c0Z2dFaVVFeFNRa05zVm1WNU5VSnhla3c0ZFdoU1lraFhkME5sVmpObWJHMXZOSGd4V1lJQklsQk1SM0JIYzBkYU0yeHRZa05yVFZNNGNVWTFWR3RuYldkSWR6bFFlamxZVUVpQ0FRdFRhMm8zUlhoMlpUaHJjLW9EQUElM0QlM0QYvN7oGA%253D%253D&itct=CEEQybcCIhMIo6Ol0oiz3AIVRWVYCh1Z4A0-KPQk
教育,https://www.youtube.com/results?search_query=%E6%95%99%E8%82%B2&pbj=1&ctoken=EocDEgbmlZnogrIa_AJTQlNDQVF0Q2JsWm1TazFMTTJ0aGE0SUJDMlJZYzJwbE5FUXRWalJ6Z2dFTFNEazJiVzg0TmtRd2JVR0NBUXQxZG1SMFFtOUhUMWRVUllJQkN6QkxXbWN5ZG0wME4xWm5nZ0VMTjNSeVZuTjVTMmhLZFZHQ0FRdEZWM1ZTVHpSdFlVMXhNSUlCQzBsNGJtbHhUMHhvTmtWbmdnRUxTVVZuYTBFdE0zTjNiR2VDQVF0MWMwODNWV0U1V1d4ZlVZSUJDMWRLV2twbFduWnpUalV3Z2dFTE0xaERkak13UTBKRGJUU0NBUXRvZEhsalMzTktaek5MUllJQkMwZE5Wa2RXUXpocWQybzRnZ0VMYUhwVVRWWXRNRTFsYkhPQ0FRdE5NSHBGTmxOTE56aDZhNElCQzBwVlNWaGxNVUl6V0VGVmdnRUxTMGhOVmtWaVdHMHlTV09DQVFzeVdqRXdOMjFNUm5WeVdZSUJDMUZ1UWpka00xa3hlbWxSNmdNQRi83ugY&continuation=EocDEgbmlZnogrIa_AJTQlNDQVF0Q2JsWm1TazFMTTJ0aGE0SUJDMlJZYzJwbE5FUXRWalJ6Z2dFTFNEazJiVzg0TmtRd2JVR0NBUXQxZG1SMFFtOUhUMWRVUllJQkN6QkxXbWN5ZG0wME4xWm5nZ0VMTjNSeVZuTjVTMmhLZFZHQ0FRdEZWM1ZTVHpSdFlVMXhNSUlCQzBsNGJtbHhUMHhvTmtWbmdnRUxTVVZuYTBFdE0zTjNiR2VDQVF0MWMwODNWV0U1V1d4ZlVZSUJDMWRLV2twbFduWnpUalV3Z2dFTE0xaERkak13UTBKRGJUU0NBUXRvZEhsalMzTktaek5MUllJQkMwZE5Wa2RXUXpocWQybzRnZ0VMYUhwVVRWWXRNRTFsYkhPQ0FRdE5NSHBGTmxOTE56aDZhNElCQzBwVlNWaGxNVUl6V0VGVmdnRUxTMGhOVmtWaVdHMHlTV09DQVFzeVdqRXdOMjFNUm5WeVdZSUJDMUZ1UWpka00xa3hlbWxSNmdNQRi83ugY&itct=CEEQybcCIhMI9vD60oiz3AIVlG9YCh1mFgMUKPQk
理财,https://www.youtube.com/results?search_query=%E7%90%86%E8%B4%A2&pbj=1&ctoken=EuMDEgbnkIbotKIa2ANTQlNDQVF0TmFubHhiRk5MYjNKc1dZSUJJbEJNTVhOemNuVjNjbDl2ZEhCRlpXOHlVVE5XTFZSM1dEQm5ZbFpCZWxwRGJDMkNBUXRJYUhnMFVUaDRhV05sU1lJQklsQk1iVVE0YmxocFVrZERibkZVWjA0eFlVMVVWbmxIYldkdk56ZHNOamRtTXptQ0FTSlFURkpPV2xSRVJuaDVlRVJSV2pWSVZqVTNVQzFSU1dNMVRYZE9OM1ZaU0ZjMGdnRUxOVGhsYkVsbFZGQjBjbFdDQVF0SVRqbDRPRXhGTVdneFRZSUJDME55ZEVZNU1tUkJkbk13Z2dFTFJURkRTMHBmU2xsa01XLUNBUXRwTkdOblpFWlJPR0ZhYzRJQkN6RjRSRVIwVW5aRllrRmpnZ0VMVERKT1QwMXBURkJDTUVXQ0FRczRiV3A1WWpWNlVGaEtkNElCQ3psNWEyTktjbFJTZUd4M2dnRUxkWE5DYzJWdlUzZDZPVTJDQVF0eWRFY3dTamhyY2tWNlVZSUJDMkZhTmpWbFlsUjNXRzlSZ2dFTE9XeDVlV001WVd3NVNFMkNBUXR1UWtSS2NHMVJVM0pPVllJQkMxbDRVVEZQUkY5RE0wczQ2Z01BGLze6Bg%253D&continuation=EuMDEgbnkIbotKIa2ANTQlNDQVF0TmFubHhiRk5MYjNKc1dZSUJJbEJNTVhOemNuVjNjbDl2ZEhCRlpXOHlVVE5XTFZSM1dEQm5ZbFpCZWxwRGJDMkNBUXRJYUhnMFVUaDRhV05sU1lJQklsQk1iVVE0YmxocFVrZERibkZVWjA0eFlVMVVWbmxIYldkdk56ZHNOamRtTXptQ0FTSlFURkpPV2xSRVJuaDVlRVJSV2pWSVZqVTNVQzFSU1dNMVRYZE9OM1ZaU0ZjMGdnRUxOVGhsYkVsbFZGQjBjbFdDQVF0SVRqbDRPRXhGTVdneFRZSUJDME55ZEVZNU1tUkJkbk13Z2dFTFJURkRTMHBmU2xsa01XLUNBUXRwTkdOblpFWlJPR0ZhYzRJQkN6RjRSRVIwVW5aRllrRmpnZ0VMVERKT1QwMXBURkJDTUVXQ0FRczRiV3A1WWpWNlVGaEtkNElCQ3psNWEyTktjbFJTZUd4M2dnRUxkWE5DYzJWdlUzZDZPVTJDQVF0eWRFY3dTamhyY2tWNlVZSUJDMkZhTmpWbFlsUjNXRzlSZ2dFTE9XeDVlV001WVd3NVNFMkNBUXR1UWtSS2NHMVJVM0pPVllJQkMxbDRVVEZQUkY5RE0wczQ2Z01BGLze6Bg%253D&itct=CEEQybcCIhMI3o_S04iz3AIVBudYCh0W5QmXKPQk
舞蹈,https://www.youtube.com/results?search_query=%E8%88%9E%E8%B9%88&pbj=1&ctoken=EtkDEgboiJ7ouYgazgNTQlNDQVFzeVNUbElSbTR4YlY5a05JSUJJbEJNVVZWbVFWUlVhMjVTTXpCakxVZFBSbkV5WDBOYWJuRnpjVWR1UXpCemNrYUNBUXRDY1VwVlpFZzNiRUZ4U1lJQkMzZFZhbXBTT0hCWlRXeEpnZ0VMTkRsa09UVnVhVFZLT1ZtQ0FRdGlMV1JYWkVOaGJGUTNXWUlCQzNWSk9YRkZaV1kwTlU5UmdnRUxaelZ1WVZKM0xXczRha21DQVF0NVlrOVlabUpOTWxwQlk0SUJDMnRZTUhKMllsTnpUSFJaZ2dFTFUza3hVSEptYm1nemRqQ0NBUXRrYldSelVFRkxWaTFEYjRJQkdGVkRYMU5KYkZGaGVuTlVjRjl4Vm14dlNrMXlkblozUVlJQkN6bFZhVmRxZG5aaFdFaE5nZ0VMTmtFNWMwUTJialZGY20tQ0FRdEpkblJoWTFCS2NEbDVOSUlCQ3kxcWFFTmtZVU51VkVobmdnRUxXVFo2TUhGdVUxWTJlVGlDQVFzM1VVdG5RVFJoZFUxQ1NZSUJJbEJNWlc5cWJrWnlXRmxTTFZkcFdVNDBZMEZSTlVSRlMwMXZlV0ZZY0RjME1rYnFBd0ElM0QYvN7oGA%253D%253D&continuation=EtkDEgboiJ7ouYgazgNTQlNDQVFzeVNUbElSbTR4YlY5a05JSUJJbEJNVVZWbVFWUlVhMjVTTXpCakxVZFBSbkV5WDBOYWJuRnpjVWR1UXpCemNrYUNBUXRDY1VwVlpFZzNiRUZ4U1lJQkMzZFZhbXBTT0hCWlRXeEpnZ0VMTkRsa09UVnVhVFZLT1ZtQ0FRdGlMV1JYWkVOaGJGUTNXWUlCQzNWSk9YRkZaV1kwTlU5UmdnRUxaelZ1WVZKM0xXczRha21DQVF0NVlrOVlabUpOTWxwQlk0SUJDMnRZTUhKMllsTnpUSFJaZ2dFTFUza3hVSEptYm1nemRqQ0NBUXRrYldSelVFRkxWaTFEYjRJQkdGVkRYMU5KYkZGaGVuTlVjRjl4Vm14dlNrMXlkblozUVlJQkN6bFZhVmRxZG5aaFdFaE5nZ0VMTmtFNWMwUTJialZGY20tQ0FRdEpkblJoWTFCS2NEbDVOSUlCQ3kxcWFFTmtZVU51VkVobmdnRUxXVFo2TUhGdVUxWTJlVGlDQVFzM1VVdG5RVFJoZFUxQ1NZSUJJbEJNWlc5cWJrWnlXRmxTTFZkcFdVNDBZMEZSTlVSRlMwMXZlV0ZZY0RjME1rYnFBd0ElM0QYvN7oGA%253D%253D&itct=CEEQybcCIhMIif6q1Iiz3AIVlG9YCh141QecKPQk
儿童,https://www.youtube.com/results?search_query=%E5%84%BF%E7%AB%A5&pbj=1&ctoken=EvMDEgblhL_nq6Ua6ANTQlNDQVF0WWRXcHhUemxuTm05RmM0SUJDM0J4VnpaRE5FMUljR0ZWZ2dFaVVFeGhTekpNVlZwTVozQnhRVmxmWlV0bFMyaGxNSEU0TmpWb2QxOUtkRUpWYVlJQklsQk1XVEEwTld4TVgyNTBjVGs1ZGtoVVpYZEZValJ5TkhKSVNHWkZaa3hxTFRpQ0FRdHJSVUZXTjJSSVZFYzNOSUlCQzFGaFpUQmtibU5HTVVOdmdnRUxNREZ4VkRaVlMzcG9NVm1DQVF0VU5YVkJZMHBDVUV4SlFZSUJDMWxqWkZsTlJYTm1OMlJKZ2dFTFQzRmliRzFUVVV4NFlUaUNBUXM1V0ZCV1ZHRkpVV2RoTUlJQkMzZHhXRTV4VGpGUWJuTm5nZ0VMY2tOSlVETndRa3cyTmppQ0FTSlFURmhRVVhCbloxUXhXblZJTUZoelRETkVlbDgxVDFreU9UWXRPVVkzTnpaU2dnRUxTRm8wY1RCc1JIaHNSekNDQVF0d1VGSnRjemRXUjA5Tlo0SUJFbEJNUWpsR1FUSTJOVU15UmtRNFFqa3dNWUlCQzJGS05uSnNabkoxU0dacmdnRUxUVXd6V1RKb1RUSktkWGVDQVF0R2VWa3RibmczVFVSVmQtb0RBQSUzRCUzRBi83ugY&continuation=EvMDEgblhL_nq6Ua6ANTQlNDQVF0WWRXcHhUemxuTm05RmM0SUJDM0J4VnpaRE5FMUljR0ZWZ2dFaVVFeGhTekpNVlZwTVozQnhRVmxmWlV0bFMyaGxNSEU0TmpWb2QxOUtkRUpWYVlJQklsQk1XVEEwTld4TVgyNTBjVGs1ZGtoVVpYZEZValJ5TkhKSVNHWkZaa3hxTFRpQ0FRdHJSVUZXTjJSSVZFYzNOSUlCQzFGaFpUQmtibU5HTVVOdmdnRUxNREZ4VkRaVlMzcG9NVm1DQVF0VU5YVkJZMHBDVUV4SlFZSUJDMWxqWkZsTlJYTm1OMlJKZ2dFTFQzRmliRzFUVVV4NFlUaUNBUXM1V0ZCV1ZHRkpVV2RoTUlJQkMzZHhXRTV4VGpGUWJuTm5nZ0VMY2tOSlVETndRa3cyTmppQ0FTSlFURmhRVVhCbloxUXhXblZJTUZoelRETkVlbDgxVDFreU9UWXRPVVkzTnpaU2dnRUxTRm8wY1RCc1JIaHNSekNDQVF0d1VGSnRjemRXUjA5Tlo0SUJFbEJNUWpsR1FUSTJOVU15UmtRNFFqa3dNWUlCQzJGS05uSnNabkoxU0dacmdnRUxUVXd6V1RKb1RUSktkWGVDQVF0R2VWa3RibmczVFVSVmQtb0RBQSUzRCUzRBi83ugY&itct=CEEQybcCIhMIupuK1Yiz3AIVTdNYCh3wIAqrKPQk
美食,https://www.youtube.com/results?search_query=%E7%BE%8E%E9%A3%9F&pbj=1&ctoken=EqkDEgbnvo7po58angNTQlNDQVF0eGExOXhZbUZyV25CR05JSUJDelJUWnpCa1NHRldObll3Z2dFTE1sbFFjRlo2Ym10dU5tZUNBUXQwWldobFUzZG5URm93UVlJQkMzVjZWWEpLTjFWdlZXdzBnZ0VMUWpGcWIxQnFaM0pHWkZXQ0FRdGxZVkF5VEVOcVNWSjZZNElCQzBSbmRtRlZNMU42ZWtORmdnRUxTVEZ0VmxWUlRFdElYM2VDQVF0M00wMTBkbEF3UkZvMWM0SUJJbEJNY1Y5dk1uSkpjR2xzZEZwTkxYbHdjV1pDVVdVNE1WZDNiVXRtUWxCNlJFbUNBUXM0VlRnMWRFRlpWMkpOT0lJQkMzRlJTMjlEWlRseGMzTm5nZ0VMVmtob04wOVhlRWh5YzAyQ0FRdG5SbnBpYVRndE9FTnVkNElCQzFsNE1VUkJNbkpVYkVKamdnRUxhVzlvZUcxSFRDMXNiVENDQVF0dmQzWnNNMUZvTVc1b09JSUJDMFJ2ZDFRMFUwOHpVbU5uZ2dFTGJtRmFSak5CVmpKMk9WbnFBd0ElM0QYvN7oGA%253D%253D&continuation=EqkDEgbnvo7po58angNTQlNDQVF0eGExOXhZbUZyV25CR05JSUJDelJUWnpCa1NHRldObll3Z2dFTE1sbFFjRlo2Ym10dU5tZUNBUXQwWldobFUzZG5URm93UVlJQkMzVjZWWEpLTjFWdlZXdzBnZ0VMUWpGcWIxQnFaM0pHWkZXQ0FRdGxZVkF5VEVOcVNWSjZZNElCQzBSbmRtRlZNMU42ZWtORmdnRUxTVEZ0VmxWUlRFdElYM2VDQVF0M00wMTBkbEF3UkZvMWM0SUJJbEJNY1Y5dk1uSkpjR2xzZEZwTkxYbHdjV1pDVVdVNE1WZDNiVXRtUWxCNlJFbUNBUXM0VlRnMWRFRlpWMkpOT0lJQkMzRlJTMjlEWlRseGMzTm5nZ0VMVmtob04wOVhlRWh5YzAyQ0FRdG5SbnBpYVRndE9FTnVkNElCQzFsNE1VUkJNbkpVYkVKamdnRUxhVzlvZUcxSFRDMXNiVENDQVF0dmQzWnNNMUZvTVc1b09JSUJDMFJ2ZDFRMFUwOHpVbU5uZ2dFTGJtRmFSak5CVmpKMk9WbnFBd0ElM0QYvN7oGA%253D%253D&itct=CEEQybcCIhMIj5ni1Yiz3AIVAkdYCh1hhAPzKPQk
棋牌,https://www.youtube.com/results?search_query=%E6%A3%8B%E7%89%8C&pbj=1&ctoken=EocDEgbmo4vniYwa_AJTQlNDQVF0MmIwSTRkMTgzYzI1R1RZSUJDMmh2V1dkM2EwRlRMVkV3Z2dFTGRtdDZUMFF0ZFRWbVYyT0NBUXRoVDFjMlZrMDNiekJvVVlJQkMyVnpibHA0ZUhGTlpFbFpnZ0VMTWtZMlYxbEtWV014U0hlQ0FRdHdlSE53ZWtoVmRWVlRaNElCQzBSYVNtWkZWRU55ZUdkVmdnRUxlVmRFZUVzNFNFOVpNV3VDQVF0Tk9IUTBhM1ZCZDJWcVk0SUJDek4zYm01Nk1tRnhXa0pCZ2dFTE4waFBZbXhXWTFrM1dEaUNBUXRhVlU5dWFETk5iV3hRT0lJQkMxSkRXWFJrVXpaUVIzWkpnZ0VMUkZwWGJ6ZE1TVFF5VFdlQ0FRc3RaMGhPWVUwek1qaDVhNElCQzBkeU1GRk5aMUJxVVhsVmdnRUxUSE5wY0VScU1qbFJaVENDQVF0bGQyODJhV3N6YzFKMk9JSUJDMHhET0VOcmJsbERNVWhyNmdNQRi83ugY&continuation=EocDEgbmo4vniYwa_AJTQlNDQVF0MmIwSTRkMTgzYzI1R1RZSUJDMmh2V1dkM2EwRlRMVkV3Z2dFTGRtdDZUMFF0ZFRWbVYyT0NBUXRoVDFjMlZrMDNiekJvVVlJQkMyVnpibHA0ZUhGTlpFbFpnZ0VMTWtZMlYxbEtWV014U0hlQ0FRdHdlSE53ZWtoVmRWVlRaNElCQzBSYVNtWkZWRU55ZUdkVmdnRUxlVmRFZUVzNFNFOVpNV3VDQVF0Tk9IUTBhM1ZCZDJWcVk0SUJDek4zYm01Nk1tRnhXa0pCZ2dFTE4waFBZbXhXWTFrM1dEaUNBUXRhVlU5dWFETk5iV3hRT0lJQkMxSkRXWFJrVXpaUVIzWkpnZ0VMUkZwWGJ6ZE1TVFF5VFdlQ0FRc3RaMGhPWVUwek1qaDVhNElCQzBkeU1GRk5aMUJxVVhsVmdnRUxUSE5wY0VScU1qbFJaVENDQVF0bGQyODJhV3N6YzFKMk9JSUJDMHhET0VOcmJsbERNVWhyNmdNQRi83ugY&itct=CEEQybcCIhMIlNe-1oiz3AIVimdYCh2gHwpuKPQk
健身,https://www.youtube.com/results?search_query=%E5%81%A5%E8%BA%AB&pbj=1&ctoken=EssDEgblgaXouqsawANTQlNDQVF0aWJHcFRPV1JuUjI1WGQ0SUJDM1JSYW5aa1RVRnpRMk5aZ2dFTFltRjFkazVWU20weVowR0NBUXQ1YTNNMmFtd3RNa3hFVllJQkMxUldSMnBSYkRCUlZWWkpnZ0VMTm1GUWFXbHdiRXBrTld1Q0FRdG1ORVl0UkhSV05YSm1ZNElCQzFob2NVbExRVUUyUW5wcmdnRWlVRXhOZDFSalRHaHFZMGN6ZDFnMU5ETlhRMGwwYVhaM2JFdElSR0YyTVVjNFNZSUJDMjlvZEZReWJYUmtiMms0Z2dFTFMzQm1XV1k0VTBsek4yT0NBUXR6Y1VkUlJWYzFVVFpKWTRJQkMxbE9lVkZuVG5KSmFHZGpnZ0VMUTJSTmJGbGlNaTF2VTBXQ0FRdEJRM0ptUVRjNFFqUjBjNElCSWxCTWRFRlRVVEF6U0ZCQ1JWQnNVbE5wVW14NVMzWkllalphY0VFMWNXdG9lbS1DQVF0bGNGWnhkekpRT1hoQ1FZSUJDMlUzUzJveVRGRnFXRUpSZ2dFTGFERmlVbFZaYTNsVGNrV0NBUXREYldOd09YbFNNbXRNTk9vREFBJTNEJTNEGLze6Bg%253D&continuation=EssDEgblgaXouqsawANTQlNDQVF0aWJHcFRPV1JuUjI1WGQ0SUJDM1JSYW5aa1RVRnpRMk5aZ2dFTFltRjFkazVWU20weVowR0NBUXQ1YTNNMmFtd3RNa3hFVllJQkMxUldSMnBSYkRCUlZWWkpnZ0VMTm1GUWFXbHdiRXBrTld1Q0FRdG1ORVl0UkhSV05YSm1ZNElCQzFob2NVbExRVUUyUW5wcmdnRWlVRXhOZDFSalRHaHFZMGN6ZDFnMU5ETlhRMGwwYVhaM2JFdElSR0YyTVVjNFNZSUJDMjlvZEZReWJYUmtiMms0Z2dFTFMzQm1XV1k0VTBsek4yT0NBUXR6Y1VkUlJWYzFVVFpKWTRJQkMxbE9lVkZuVG5KSmFHZGpnZ0VMUTJSTmJGbGlNaTF2VTBXQ0FRdEJRM0ptUVRjNFFqUjBjNElCSWxCTWRFRlRVVEF6U0ZCQ1JWQnNVbE5wVW14NVMzWkllalphY0VFMWNXdG9lbS1DQVF0bGNGWnhkekpRT1hoQ1FZSUJDMlUzUzJveVRGRnFXRUpSZ2dFTGFERmlVbFZaYTNsVGNrV0NBUXREYldOd09YbFNNbXRNTk9vREFBJTNEJTNEGLze6Bg%253D&itct=CEEQybcCIhMIj8ea14iz3AIVGvtYCh3WbwdPKPQk
轮滑,https://www.youtube.com/results?search_query=%E8%BD%AE%E6%BB%91&pbj=1&ctoken=EssDEgbova7mu5EawANTQlNDQVF0UlVITllTelJPYTFoVVk0SUJJbEJNUzNaWlNrVmhTamhpTVUxV05GQm5jelpCWVRkU2JqZFhOREp6ZEUxR1puU0NBU0pRVEZsZk4zUkhZMXBYUzI0MmFESnBRMUZYV0ZWT1NVeFBZbk4yT1Y5TlozWnpnZ0VMTldOM1REVXdNelJLTVZXQ0FRdFZVMUJIWms5dGNHZ3dSWUlCQzBwTmNYRlJZVFl6VVVwVmdnRUxZVW8yY214bWNuVklabXVDQVFzeE1GZE5Obmh4ZDBOS01JSUJDMVZCVGtnNE4yWTBkREZ2Z2dFTGVFOUlMVTVYUkdkT05FMkNBUXRTTjA4eWJucHdXVXczWjRJQkMzRjFjMFZxVFZkdWJqQkZnZ0VMU2xwUk5uSjBVVFF5WTNlQ0FRdG9hSFY0T1VZdE0xWkVVWUlCQzJrNVJtOUlUMUJEU1RKemdnRUxkbE53UXpnMmRVZDJXVFNDQVF0VU5HWm9SVEJLWjBZNWQ0SUJDelJtVTNRM2JYTmFUMGhKZ2dFTFVuSlhjbnBIVHpGMWR6Q0NBUXRPTVRoUVIyWnlUM1pmZC1vREFBJTNEJTNEGLze6Bg%253D&continuation=EssDEgbova7mu5EawANTQlNDQVF0UlVITllTelJPYTFoVVk0SUJJbEJNUzNaWlNrVmhTamhpTVUxV05GQm5jelpCWVRkU2JqZFhOREp6ZEUxR1puU0NBU0pRVEZsZk4zUkhZMXBYUzI0MmFESnBRMUZYV0ZWT1NVeFBZbk4yT1Y5TlozWnpnZ0VMTldOM1REVXdNelJLTVZXQ0FRdFZVMUJIWms5dGNHZ3dSWUlCQzBwTmNYRlJZVFl6VVVwVmdnRUxZVW8yY214bWNuVklabXVDQVFzeE1GZE5Obmh4ZDBOS01JSUJDMVZCVGtnNE4yWTBkREZ2Z2dFTGVFOUlMVTVYUkdkT05FMkNBUXRTTjA4eWJucHdXVXczWjRJQkMzRjFjMFZxVFZkdWJqQkZnZ0VMU2xwUk5uSjBVVFF5WTNlQ0FRdG9hSFY0T1VZdE0xWkVVWUlCQzJrNVJtOUlUMUJEU1RKemdnRUxkbE53UXpnMmRVZDJXVFNDQVF0VU5HWm9SVEJLWjBZNWQ0SUJDelJtVTNRM2JYTmFUMGhKZ2dFTFVuSlhjbnBIVHpGMWR6Q0NBUXRPTVRoUVIyWnlUM1pmZC1vREFBJTNEJTNEGLze6Bg%253D&itct=CEEQybcCIhMI6IL414iz3AIVDmxYCh3PVwjHKPQk
婚恋,https://www.youtube.com/results?search_query=%E5%A9%9A%E6%81%8B&pbj=1&ctoken=EqkDEgblqZrmgYsangNTQlNDQVF0Qk5GOHRNMVJTYkdSRlJZSUJDM00zU25aQlFtNVBXWE00Z2dFTGNVNXZZbmRpTkZGTlEyZUNBUXRTTkMxUU9IRmFha2x4UllJQkMwWTNkM3BYUWxOa2FEUXdnZ0VMYXpsR1JHcEdYMmxTWW1lQ0FTSlFURFZ1YjNvNVIwc3lZbkJDUlMxdVZWVnJNR0U0TTJOR2FuZzVkVWRaZEZKR2dnRUxhREZIU0V0YVVsbHNjR09DQVF0NWJGWkJWR0Y1VGtKbE1JSUJDMnByVW1WTmREWmtUWG8wZ2dFTE4xVnhhMkZWZVRoUlJYZUNBUXRIUTFvemRIQk1YM0pQU1lJQkN6TTBRM0pxVFhSZlRFTk5nZ0VMTkROVmJVUXlSRzU2ZGppQ0FRdE1YMVE0UVhGVE0xaFVhNElCQzE5cFJrSlFhalF3YkVscmdnRUxSM1EyWW5KdVFtUXpiMmVDQVFzNGNHWjNXRXhzYUdkdlk0SUJDMGgzVDJoSVMxZHVkRkZaZ2dFTGJrcG1jRGxXTkdaek0wSHFBd0ElM0QYvN7oGA%253D%253D&continuation=EqkDEgblqZrmgYsangNTQlNDQVF0Qk5GOHRNMVJTYkdSRlJZSUJDM00zU25aQlFtNVBXWE00Z2dFTGNVNXZZbmRpTkZGTlEyZUNBUXRTTkMxUU9IRmFha2x4UllJQkMwWTNkM3BYUWxOa2FEUXdnZ0VMYXpsR1JHcEdYMmxTWW1lQ0FTSlFURFZ1YjNvNVIwc3lZbkJDUlMxdVZWVnJNR0U0TTJOR2FuZzVkVWRaZEZKR2dnRUxhREZIU0V0YVVsbHNjR09DQVF0NWJGWkJWR0Y1VGtKbE1JSUJDMnByVW1WTmREWmtUWG8wZ2dFTE4xVnhhMkZWZVRoUlJYZUNBUXRIUTFvemRIQk1YM0pQU1lJQkN6TTBRM0pxVFhSZlRFTk5nZ0VMTkROVmJVUXlSRzU2ZGppQ0FRdE1YMVE0UVhGVE0xaFVhNElCQzE5cFJrSlFhalF3YkVscmdnRUxSM1EyWW5KdVFtUXpiMmVDQVFzNGNHWjNXRXhzYUdkdlk0SUJDMGgzVDJoSVMxZHVkRkZaZ2dFTGJrcG1jRGxXTkdaek0wSHFBd0ElM0QYvN7oGA%253D%253D&itct=CEEQybcCIhMIg4jT2Iiz3AIVEOhYCh0YhQNfKPQk
怀孕,https://www.youtube.com/results?search_query=%E6%80%80%E5%AD%95&pbj=1&ctoken=EocDEgbmgIDlrZUa_AJTQlNDQVF0VVdVOTZYMFJxUW5nNVVZSUJDMlpVU2xCelVHdDZXVmswZ2dFTFVWSkxhbWRNVkd0SU5GV0NBUXMyVmtZMU0yTlljSGhQUVlJQkMwWm1kRVZ6UW5RMk1HbHZnZ0VMTW10cFpESlpaVVpMZVdPQ0FRdHNTRTB4YkhGbGQyNVRWWUlCQzNCd09GbHJNbUUzVGtOUmdnRUxiVXBXVERGVVZqbEdaRENDQVF0Mk5sQmZUVUpHY1drMVJZSUJDMUF0YzJwWGNUSm5UMWxOZ2dFTGEzbHBjRUpTYm1kT2VWV0NBUXQyZW5Wa1puSm1iM2QwVFlJQkN6QlBOVWhEWXpVMU5FczRnZ0VMYzBoVGR6bFplSGhGVFhPQ0FRdHRkRlZrUnpRelQwOTBPSUlCQzNaNlREUnpOM00xUld4dmdnRUxVSFp6YjNaMmQyaDZZbG1DQVF0TU9HSndSM0pIVVRadVJZSUJDelI0YjFaQlVVZE5WblpyNmdNQRi83ugY&continuation=EocDEgbmgIDlrZUa_AJTQlNDQVF0VVdVOTZYMFJxUW5nNVVZSUJDMlpVU2xCelVHdDZXVmswZ2dFTFVWSkxhbWRNVkd0SU5GV0NBUXMyVmtZMU0yTlljSGhQUVlJQkMwWm1kRVZ6UW5RMk1HbHZnZ0VMTW10cFpESlpaVVpMZVdPQ0FRdHNTRTB4YkhGbGQyNVRWWUlCQzNCd09GbHJNbUUzVGtOUmdnRUxiVXBXVERGVVZqbEdaRENDQVF0Mk5sQmZUVUpHY1drMVJZSUJDMUF0YzJwWGNUSm5UMWxOZ2dFTGEzbHBjRUpTYm1kT2VWV0NBUXQyZW5Wa1puSm1iM2QwVFlJQkN6QlBOVWhEWXpVMU5FczRnZ0VMYzBoVGR6bFplSGhGVFhPQ0FRdHRkRlZrUnpRelQwOTBPSUlCQzNaNlREUnpOM00xUld4dmdnRUxVSFp6YjNaMmQyaDZZbG1DQVF0TU9HSndSM0pIVVRadVJZSUJDelI0YjFaQlVVZE5WblpyNmdNQRi83ugY&itct=CEEQybcCIhMIrOus2Yiz3AIVDrBYCh1OiwbbKPQk
户外运动,https://www.youtube.com/results?search_query=%E6%88%B7%E5%A4%96%E8%BF%90%E5%8A%A8&pbj=1&ctoken=EucEEgzmiLflpJbov5Dliqga1gRTQlNDQVNKUVREWXpTMFZTV1VSeFNYSlJhVFZpZG14WFRtdENXWFZsT1dsSVdFeElWR1ZNZ2dFTFdEUlVTRkZyV21SMGFHdUNBU0pRVEhWS00yMWhiMHBuV1hGbFdXRlFiVk5DY21KM1VXRmhhRlZIUzFOQ1FrcDBnZ0VpVUV4MlozZzBjMmx4U0VWNGNHSndaVVk1VDI0NGJWWXRPVWM1UW1WQ2RXZGZkNElCQzNWNGNsVlFUMmhtTURJMGdnRUxSM1J2UmxwWlVYQTNOR3VDQVF0TGRXdzFNVnB5VG5jdGQ0SUJDMmxCWlROcFN6YzNjVFpCZ2dFTE0ybDRUM0JxU1hsMmVGbUNBUXQ1WWxsQ1J6SlVjMUI1VFlJQklsQk1iemxTZGxkcVFtVlJWWFpqTnpSWFEzbzNZbUUzVFZOdGMxaFJUMjlRWDBHQ0FRdG9TRkZXWDI0emFEWTBOSUlCQ3pkYVIyeDBPV3QwYUhkUmdnRUxaa1JJTnpsd1RsTTJkbmVDQVNKUVRHODVVblpYYWtKbFVWVjBhRFUxV1RGa1UyVlNVMm95WTNaWVZYSmxjVE55Z2dFTE5sVlhPVTFpT1d4ek4zZUNBUXRWU2tScWRUa3dMVmMxU1lJQkMyOUpWVTB6YzFwQ1dtbE5nZ0VpVUV4RFdtUnJSbEZ6TFVka1IzTXRZMTlRVFVGRlVIQlBWbmRVYkdKSlRUazBONElCSWxCTU9EWkVVekpLUzJoaWMxWkxhalJFZVVoUWJuWkNObWRpZUZwVlkxOWpjbUhxQXdBJTNEGLze6Bg%253D&continuation=EucEEgzmiLflpJbov5Dliqga1gRTQlNDQVNKUVREWXpTMFZTV1VSeFNYSlJhVFZpZG14WFRtdENXWFZsT1dsSVdFeElWR1ZNZ2dFTFdEUlVTRkZyV21SMGFHdUNBU0pRVEhWS00yMWhiMHBuV1hGbFdXRlFiVk5DY21KM1VXRmhhRlZIUzFOQ1FrcDBnZ0VpVUV4MlozZzBjMmx4U0VWNGNHSndaVVk1VDI0NGJWWXRPVWM1UW1WQ2RXZGZkNElCQzNWNGNsVlFUMmhtTURJMGdnRUxSM1J2UmxwWlVYQTNOR3VDQVF0TGRXdzFNVnB5VG5jdGQ0SUJDMmxCWlROcFN6YzNjVFpCZ2dFTE0ybDRUM0JxU1hsMmVGbUNBUXQ1WWxsQ1J6SlVjMUI1VFlJQklsQk1iemxTZGxkcVFtVlJWWFpqTnpSWFEzbzNZbUUzVFZOdGMxaFJUMjlRWDBHQ0FRdG9TRkZXWDI0emFEWTBOSUlCQ3pkYVIyeDBPV3QwYUhkUmdnRUxaa1JJTnpsd1RsTTJkbmVDQVNKUVRHODVVblpYYWtKbFVWVjBhRFUxV1RGa1UyVlNVMm95WTNaWVZYSmxjVE55Z2dFTE5sVlhPVTFpT1d4ek4zZUNBUXRWU2tScWRUa3dMVmMxU1lJQkMyOUpWVTB6YzFwQ1dtbE5nZ0VpVUV4RFdtUnJSbEZ6TFVka1IzTXRZMTlRVFVGRlVIQlBWbmRVYkdKSlRUazBONElCSWxCTU9EWkVVekpLUzJoaWMxWkxhalJFZVVoUWJuWkNObWRpZUZwVlkxOWpjbUhxQXdBJTNEGLze6Bg%253D&itct=CEEQybcCIhMI27CG2oiz3AIVDjlYCh3i7QavKPQk
恐怖,https://www.youtube.com/results?search_query=%E6%81%90%E6%80%96&pbj=1&ctoken=EocDEgbmgZDmgJYa_AJTQlNDQVF0dWJsbHpNRzVOV0dvdGE0SUJDM1ZMYW5GNE1qWmpaVXBCZ2dFTGRXbFhWbFEwTUc5VllVbUNBUXM1TnpaWFdqTjZYMEl4T0lJQkMyWnZOMk4xYzFsUlJGaEZnZ0VMVERSZmIzcHNjR2Q0ZHpDQ0FRdHVZemw2U1dSalMyNHpVWUlCQ3pVM0xVRk5TM1IyY1RVMGdnRUxia3RhUmtoMWFFOXBSV2VDQVF0SGNHRnpVMGd3ZEMxUmI0SUJDMWM1V0VRNVYzZDRaV1E0Z2dFTGFFbFNSbUl3UkRVd1RHLUNBUXN5YjIxalZIWlVaV0ZvYzRJQkMzVkxXakV5V25GSlFUUnZnZ0VMT1doNE9IQjJlRko0UWpDQ0FRdElabEJ4UlRkU1UwNDVPSUlCQzNvMU0zVTVNRmxzWkVWbmdnRUxWRFpWY2paR1NWQkJNVTJDQVF0cFNWaFBNWHBYVTJoNlZZSUJDMDkyWTJwdE1VZGFhMUUwNmdNQRi83ugY&continuation=EocDEgbmgZDmgJYa_AJTQlNDQVF0dWJsbHpNRzVOV0dvdGE0SUJDM1ZMYW5GNE1qWmpaVXBCZ2dFTGRXbFhWbFEwTUc5VllVbUNBUXM1TnpaWFdqTjZYMEl4T0lJQkMyWnZOMk4xYzFsUlJGaEZnZ0VMVERSZmIzcHNjR2Q0ZHpDQ0FRdHVZemw2U1dSalMyNHpVWUlCQ3pVM0xVRk5TM1IyY1RVMGdnRUxia3RhUmtoMWFFOXBSV2VDQVF0SGNHRnpVMGd3ZEMxUmI0SUJDMWM1V0VRNVYzZDRaV1E0Z2dFTGFFbFNSbUl3UkRVd1RHLUNBUXN5YjIxalZIWlVaV0ZvYzRJQkMzVkxXakV5V25GSlFUUnZnZ0VMT1doNE9IQjJlRko0UWpDQ0FRdElabEJ4UlRkU1UwNDVPSUlCQzNvMU0zVTVNRmxzWkVWbmdnRUxWRFpWY2paR1NWQkJNVTJDQVF0cFNWaFBNWHBYVTJoNlZZSUJDMDkyWTJwdE1VZGFhMUUwNmdNQRi83ugY&itct=CEEQybcCIhMItrrd2oiz3AIVhZ5YCh1tIwpHKPQk
古装,https://www.youtube.com/results?search_query=%E5%8F%A4%E8%A3%85&pbj=1&ctoken=EoUEEgblj6Too4Ua-gNTQlNDQVNKUVRIZGxOWE5TUVVGRVlUYzRaRmg2U1ZsTlUyeFZXRVJ0ZURGbWNtOHRiekl6Z2dFTGJsTnpZakJsVEdsc09GbUNBU0pRVEVsclQwOVlPVjlMZFhOUmRGSTRPSGhWUmtJMVgzTkVlWEowYjE4eFdqTjVnZ0VpVUV4SmVEaFJibWxZU0MxeVJXeE1lV3A2VGsxVFQxaFRWR0pQUzNORVUyaDVkWUlCQzJKb1luSjZZMkppWTB0amdnRUxRemg0TUVndGRVbENTVy1DQVF0bmJEbFBjalJ6ZHpSalVZSUJDM0ZxWTBGdVEwNVhWRWRKZ2dFTE0wVlZTbGxEWVhCa01qQ0NBUXRDZFhwUGFraEhNbWRwVllJQkN5MHdiVTh5TWtwbVJYQTBnZ0VMYjBsV1NqUlFZV3hFVFd1Q0FRdDZZV1paU1hSWGVrWlRNSUlCQzJOcFpUSkZNV2xYU1RCcmdnRUxUbUZSZUhrM2FVNXlaVldDQVNKUVRFY3dTME5JZFhkdE5XaEhTRVprTjNCcGVUaHJiVVZhZUZSalkyUm5VMVpPZ2dFTFdYSm5kRWR3VjJ0dFVUU0NBUXRVV1hwTWJVbHhZMGRIUllJQkMydEVRekpZVFRSR05Yb3dnZ0VMYm1KVlJXbzNhemxXV0UzcUF3QSUzRBi83ugY&continuation=EoUEEgblj6Too4Ua-gNTQlNDQVNKUVRIZGxOWE5TUVVGRVlUYzRaRmg2U1ZsTlUyeFZXRVJ0ZURGbWNtOHRiekl6Z2dFTGJsTnpZakJsVEdsc09GbUNBU0pRVEVsclQwOVlPVjlMZFhOUmRGSTRPSGhWUmtJMVgzTkVlWEowYjE4eFdqTjVnZ0VpVUV4SmVEaFJibWxZU0MxeVJXeE1lV3A2VGsxVFQxaFRWR0pQUzNORVUyaDVkWUlCQzJKb1luSjZZMkppWTB0amdnRUxRemg0TUVndGRVbENTVy1DQVF0bmJEbFBjalJ6ZHpSalVZSUJDM0ZxWTBGdVEwNVhWRWRKZ2dFTE0wVlZTbGxEWVhCa01qQ0NBUXRDZFhwUGFraEhNbWRwVllJQkN5MHdiVTh5TWtwbVJYQTBnZ0VMYjBsV1NqUlFZV3hFVFd1Q0FRdDZZV1paU1hSWGVrWlRNSUlCQzJOcFpUSkZNV2xYU1RCcmdnRUxUbUZSZUhrM2FVNXlaVldDQVNKUVRFY3dTME5JZFhkdE5XaEhTRVprTjNCcGVUaHJiVVZhZUZSalkyUm5VMVpPZ2dFTFdYSm5kRWR3VjJ0dFVUU0NBUXRVV1hwTWJVbHhZMGRIUllJQkMydEVRekpZVFRSR05Yb3dnZ0VMYm1KVlJXbzNhemxXV0UzcUF3QSUzRBi83ugY&itct=CEEQybcCIhMIjoe_24iz3AIVw7lYCh3DSQgeKPQk
八卦,https://www.youtube.com/results?search_query=%E5%85%AB%E5%8D%A6&pbj=1&ctoken=EocDEgblhavljaYa_AJTQlNDQVF0V1UxOVpRakJ5ZDFsVlNZSUJDMnA0WmxNMFVEbFdRMU5uZ2dFTE9WVnBTRTVmVVVKaVFqaUNBUXRaVkd0dWR5MW5NakpEVVlJQkN6SmxaMVYyWlhaS2QxcHpnZ0VMTjJaSmJuaFhRalJqVEUyQ0FRdGliVFZpWTJkTExVTkNPSUlCQzJoeWRXY3lkRVp5TVdWbmdnRUxNRFZQZFdWNFdWWTBWSGVDQVF0R2MwTjZURlJYT0V0dWM0SUJDMmQxU1VRMWJHeEJXRVZyZ2dFTFpqaGtaRWx0UWw5dGNrMkNBUXRHWkV3NFJFNWZTRWc0VVlJQkMwcFVibEpaVW5rMFRUaHJnZ0VMTmtKelRIWlJRV3BrTWpTQ0FRdGxXbkV0VHpKUFlVbERaNElCQzBsU2NuQTFkRmhmVUc5SmdnRUxRbVIyVTJadmJGQnZla0dDQVF0WVZFZDBMV1U1VDNWMVNZSUJDekJGY0ZWSmNuRXpSa1kwNmdNQRi83ugY&continuation=EocDEgblhavljaYa_AJTQlNDQVF0V1UxOVpRakJ5ZDFsVlNZSUJDMnA0WmxNMFVEbFdRMU5uZ2dFTE9WVnBTRTVmVVVKaVFqaUNBUXRaVkd0dWR5MW5NakpEVVlJQkN6SmxaMVYyWlhaS2QxcHpnZ0VMTjJaSmJuaFhRalJqVEUyQ0FRdGliVFZpWTJkTExVTkNPSUlCQzJoeWRXY3lkRVp5TVdWbmdnRUxNRFZQZFdWNFdWWTBWSGVDQVF0R2MwTjZURlJYT0V0dWM0SUJDMmQxU1VRMWJHeEJXRVZyZ2dFTFpqaGtaRWx0UWw5dGNrMkNBUXRHWkV3NFJFNWZTRWc0VVlJQkMwcFVibEpaVW5rMFRUaHJnZ0VMTmtKelRIWlJRV3BrTWpTQ0FRdGxXbkV0VHpKUFlVbERaNElCQzBsU2NuQTFkRmhmVUc5SmdnRUxRbVIyVTJadmJGQnZla0dDQVF0WVZFZDBMV1U1VDNWMVNZSUJDekJGY0ZWSmNuRXpSa1kwNmdNQRi83ugY&itct=CEEQybcCIhMIxOWW3Iiz3AIVDhJYCh1qzQb9KPQk
养生,https://www.youtube.com/results?search_query=%E5%85%BB%E7%94%9F&pbj=1&ctoken=EocDEgblhbvnlJ8a_AJTQlNDQVF0Q1UwSjVVRVp0V213emI0SUJDM0ZmWjBsaWVIbFpWVzlyZ2dFTGFVTnZWMlZ3VFVoNVN6aUNBUXR1Tm1KeU1uRk5ja05VV1lJQkN6aGhPVTlYWXpWUmFHOUpnZ0VMTTNveU5GRllUMFZ6U3pTQ0FRc3lURjgxY1VORmNqZFZhNElCQzNwWVduUlhjRk40VFZOamdnRUxRbmMxUzFCTFlrTldZelNDQVF0WVl6YzJlbnA1YUZReFo0SUJDelpSZEVKeFNGUmZTelYzZ2dFTFJ6bE9Ta00yTUZCdE9XT0NBUXRLZGkxU2FFeHRhbmgyWTRJQkMxQTVPR0Z5YlZaWk0wTk5nZ0VMU1U5allXb3ljekl4ZFRDQ0FRdGZZakpUYVZWT1RGWjVRWUlCQzFaRWIyeEpaWGxLVUVWbmdnRUxTMEZVUVRWUE0wRjJXVm1DQVF0NVEyVjZVR1JXZWxwRlo0SUJDMjlXWkVOVGJGVkxlVU52NmdNQRi83ugY&continuation=EocDEgblhbvnlJ8a_AJTQlNDQVF0Q1UwSjVVRVp0V213emI0SUJDM0ZmWjBsaWVIbFpWVzlyZ2dFTGFVTnZWMlZ3VFVoNVN6aUNBUXR1Tm1KeU1uRk5ja05VV1lJQkN6aGhPVTlYWXpWUmFHOUpnZ0VMTTNveU5GRllUMFZ6U3pTQ0FRc3lURjgxY1VORmNqZFZhNElCQzNwWVduUlhjRk40VFZOamdnRUxRbmMxUzFCTFlrTldZelNDQVF0WVl6YzJlbnA1YUZReFo0SUJDelpSZEVKeFNGUmZTelYzZ2dFTFJ6bE9Ta00yTUZCdE9XT0NBUXRLZGkxU2FFeHRhbmgyWTRJQkMxQTVPR0Z5YlZaWk0wTk5nZ0VMU1U5allXb3ljekl4ZFRDQ0FRdGZZakpUYVZWT1RGWjVRWUlCQzFaRWIyeEpaWGxLVUVWbmdnRUxTMEZVUVRWUE0wRjJXVm1DQVF0NVEyVjZVR1JXZWxwRlo0SUJDMjlXWkVOVGJGVkxlVU52NmdNQRi83ugY&itct=CEEQybcCIhMIiuj23Iiz3AIVQ1AqCh1RuQSfKPQk
脱口秀,https://www.youtube.com/results?search_query=%E8%84%B1%E5%8F%A3%E7%A7%80&pbj=1&ctoken=EqwDEgnohLHlj6Pnp4AangNTQlNDQVF0M2MzbFpkMk5YUjNGT1NZSUJDMGhMUmpCRmQxQk1NemRyZ2dFTFVpMTJXRXg0WTNaeGFsbUNBUXQ2WTFWd09EaEhiekJ6ZDRJQkMzQnBTbXBGTWsxdWVrcHJnZ0VMV0dkZmREWndlRFZXU0ZXQ0FRdGpOV0l6YlZWUGFtNVhWWUlCQzBsZldXRkRVMUphVkhKamdnRUxRbVJtVUhSaVdUZFhWbFdDQVFzNGIyODNXV2RXVlV3eGE0SUJDMkp2WjA5T1Iwb3RNV1JKZ2dFTGJYcFBXRFF0YnpOUE0xbUNBUXRqZGpkWVIyVTBkMEZzUllJQkN6TmpabGh0ZUZjMFEyRm5nZ0VMUkdsVlZGaHZOemhqWlhlQ0FRdExYMkZWTTI1bGVEVlFjNElCQzNrMVFqQTRXRWxrWm10WmdnRUxOWEY0ZEZORVFtWXdiMW1DQVF0MFdsOTZSR0Z5YTIwNFZZSUJJbEJNVFZneU5tRnBTWFpZTlhCV1pFaEZiRWxoZFhGRVNVTkdZbTAzZEdsSmFYVHFBd0ElM0QYvN7oGA%253D%253D&continuation=EqwDEgnohLHlj6Pnp4AangNTQlNDQVF0M2MzbFpkMk5YUjNGT1NZSUJDMGhMUmpCRmQxQk1NemRyZ2dFTFVpMTJXRXg0WTNaeGFsbUNBUXQ2WTFWd09EaEhiekJ6ZDRJQkMzQnBTbXBGTWsxdWVrcHJnZ0VMV0dkZmREWndlRFZXU0ZXQ0FRdGpOV0l6YlZWUGFtNVhWWUlCQzBsZldXRkRVMUphVkhKamdnRUxRbVJtVUhSaVdUZFhWbFdDQVFzNGIyODNXV2RXVlV3eGE0SUJDMkp2WjA5T1Iwb3RNV1JKZ2dFTGJYcFBXRFF0YnpOUE0xbUNBUXRqZGpkWVIyVTBkMEZzUllJQkN6TmpabGh0ZUZjMFEyRm5nZ0VMUkdsVlZGaHZOemhqWlhlQ0FRdExYMkZWTTI1bGVEVlFjNElCQzNrMVFqQTRXRWxrWm10WmdnRUxOWEY0ZEZORVFtWXdiMW1DQVF0MFdsOTZSR0Z5YTIwNFZZSUJJbEJNVFZneU5tRnBTWFpZTlhCV1pFaEZiRWxoZFhGRVNVTkdZbTAzZEdsSmFYVHFBd0ElM0QYvN7oGA%253D%253D&itct=CEEQybcCIhMIh_jN3Yiz3AIVAThYCh057wKTKPQk
少儿,https://www.youtube.com/results?search_query=%E5%B0%91%E5%84%BF&pbj=1&ctoken=EvsDEgblsJHlhL8a8ANTQlNDQVJoVlEzVXdVekJTWTBSa1gzcEJZWFpOZEhOMWRqSnhlWGVDQVNKUVRFRnZXVVpZZW5RMFJUTkpTMGxhTFVsMWQwaHJaVEpMUlRaaVdWaG1kR1JhZ2dFTFNIRmxjVzlRVFRCaGNWV0NBUXRoTlhSME1IRkdVMmx1YTRJQklsQk1jMkZYY1RoVGNsb3RWamh4VjNKd1NGaEROeTFPZEhkeU1uRjNUa2hvYUVpQ0FRdE5VRFZMVTFGcU0xQjZiNElCQzBGWGNFb3RWaTFGZGxwUmdnRUxXVEZTYTBJMmNqRnplVW1DQVF0aVNGVm5UMVIyVUMxdGQ0SUJDMHRqT0V0RGNGUXpabGN3Z2dFTFNGbGFaRXBzZUdWaVNUU0NBUXRCWVV4eWRFbExVMkpYVFlJQkMxaDZlVGxCTmpGTVJsSm5nZ0VMYlc4dGQxQjFlVFpIU2xtQ0FRdHZiV28yVVhFdE0zTTNPSUlCQzJVMFNqQXpjRTVvYkRsbmdnRUxVa3hrYmsxV1REaFFOMW1DQVF0MmNXTXlhRFZ3U2psNVRZSUJJbEJNY0ZoWlUweGtUVlIyTnpCeU9WaExTVkpUTkZkd2VHTkxSWFI1VGtRdFlsZUNBUXMxU21Jd1ZUbFVVWEl0VWVvREFBJTNEJTNEGLze6Bg%253D&continuation=EvsDEgblsJHlhL8a8ANTQlNDQVJoVlEzVXdVekJTWTBSa1gzcEJZWFpOZEhOMWRqSnhlWGVDQVNKUVRFRnZXVVpZZW5RMFJUTkpTMGxhTFVsMWQwaHJaVEpMUlRaaVdWaG1kR1JhZ2dFTFNIRmxjVzlRVFRCaGNWV0NBUXRoTlhSME1IRkdVMmx1YTRJQklsQk1jMkZYY1RoVGNsb3RWamh4VjNKd1NGaEROeTFPZEhkeU1uRjNUa2hvYUVpQ0FRdE5VRFZMVTFGcU0xQjZiNElCQzBGWGNFb3RWaTFGZGxwUmdnRUxXVEZTYTBJMmNqRnplVW1DQVF0aVNGVm5UMVIyVUMxdGQ0SUJDMHRqT0V0RGNGUXpabGN3Z2dFTFNGbGFaRXBzZUdWaVNUU0NBUXRCWVV4eWRFbExVMkpYVFlJQkMxaDZlVGxCTmpGTVJsSm5nZ0VMYlc4dGQxQjFlVFpIU2xtQ0FRdHZiV28yVVhFdE0zTTNPSUlCQzJVMFNqQXpjRTVvYkRsbmdnRUxVa3hrYmsxV1REaFFOMW1DQVF0MmNXTXlhRFZ3U2psNVRZSUJJbEJNY0ZoWlUweGtUVlIyTnpCeU9WaExTVkpUTkZkd2VHTkxSWFI1VGtRdFlsZUNBUXMxU21Jd1ZUbFVVWEl0VWVvREFBJTNEJTNEGLze6Bg%253D&itct=CEEQybcCIhMI-peq3oiz3AIV1l9gCh3rqAAdKPQk
励志,https://www.youtube.com/results?search_query=%E5%8A%B1%E5%BF%97&pbj=1&ctoken=EqkDEgblirHlv5cangNTQlNDQVF0cVJHVTNkVE50TFRSNlNZSUJDekJFWkdKamVWWlVhakJqZ2dFTFltZGFPSFpuZVVoaE9HdUNBUXRSUW14UlNYSkdjMHRJTUlJQkMzWXljV1J2ZEZaSFJ6VkJnZ0VMUkZJMlRqSXRaMFJpT1VtQ0FTSlFURVk1VDNCUlJXUnBka3RITTBKYVkxZHBlVVU1TFdaZk0xVlRaakIyUW5KUWdnRUxTMDE2TjBnMFZrSmhRMmVDQVF0UFNYWjVWSG8wZVVKdk9JSUJDemx0WkY5MVRVWTRZa1JGZ2dFTE1UWlBabFJmTUVkVk4zT0NBUXREUkZCWGVsQlNNazlMYTRJQkN6WmtiRGRuVjFnMVJHRTRnZ0VMTTFvdFdISnliMUZCUVhlQ0FRdE5aMlp6VkRaa2FITmxNSUlCQzNGSFJGWlpjRXN5VVd4SmdnRUxhVE5uWTFKNUxVdFRWbWVDQVF0S2VrMW5ZbWx0U21aeVk0SUJDelZpU0ZjeWNHMVFNbmR6Z2dFTFR6ZzVhakZYWTB0bFl6VHFBd0ElM0QYvN7oGA%253D%253D&continuation=EqkDEgblirHlv5cangNTQlNDQVF0cVJHVTNkVE50TFRSNlNZSUJDekJFWkdKamVWWlVhakJqZ2dFTFltZGFPSFpuZVVoaE9HdUNBUXRSUW14UlNYSkdjMHRJTUlJQkMzWXljV1J2ZEZaSFJ6VkJnZ0VMUkZJMlRqSXRaMFJpT1VtQ0FTSlFURVk1VDNCUlJXUnBka3RITTBKYVkxZHBlVVU1TFdaZk0xVlRaakIyUW5KUWdnRUxTMDE2TjBnMFZrSmhRMmVDQVF0UFNYWjVWSG8wZVVKdk9JSUJDemx0WkY5MVRVWTRZa1JGZ2dFTE1UWlBabFJmTUVkVk4zT0NBUXREUkZCWGVsQlNNazlMYTRJQkN6WmtiRGRuVjFnMVJHRTRnZ0VMTTFvdFdISnliMUZCUVhlQ0FRdE5aMlp6VkRaa2FITmxNSUlCQzNGSFJGWlpjRXN5VVd4SmdnRUxhVE5uWTFKNUxVdFRWbWVDQVF0S2VrMW5ZbWx0U21aeVk0SUJDelZpU0ZjeWNHMVFNbmR6Z2dFTFR6ZzVhakZYWTB0bFl6VHFBd0ElM0QYvN7oGA%253D%253D&itct=CEEQybcCIhMI4aqF34iz3AIVGvBYCh0ZNQLBKPQk
王者荣耀,https://www.youtube.com/results?search_query=%E7%8E%8B%E8%80%85%E8%8D%A3%E8%80%80&pbj=1&ctoken=EsEDEgznjovogIXojaPogIAasANTQlNDQVFzdExWWnFNVWhNTUcxaVdZSUJDMWhGUlZoSVEyeEhTVGhuZ2dFTFJ6aHVkV3hDUW1KMlV6aUNBUXR4VTNOYWJYQXdZM1puT0lJQkdGVkRXR3RGYkhCUU0wZzVTWFJPWWpGcE1XVjJSbmRSWjRJQkMxbDRWRmwwU0hoak16QTBnZ0VMUlZoUGJHTmpZMmRaVUdlQ0FRdDVYMmx2V25WVFRFMXJZNElCQzNaa2NsVkpURTluYTBKUmdnRUxkbUpzWkVSMlgzcEVZVkdDQVJoVlEzZGpNR3d5TlRsdU9YRXdWM0ZvTTFsRFFqRmFXRkdDQVFzMmJtcFRTMUpEU2t0NFNZSUJDM3BIT1ZWM2J6Vm5lRmx6Z2dFTFRrcGpObWROVUROVVdWR0NBUXRTYkZkeWFDMWhlbFZGUllJQkMxUnZjR1kxU1VsTlNIVTRnZ0VMTlRGemRsRlBUVFV5ZFd1Q0FRdDFMVjlmWTI1RVkwbHRZNElCQzJNeVIyWjNaR2QxVFhaemdnRVlWVU14Vnpnd1RHMTBhREpQYjBkb1ZWUkJhbEJYTFRKQjZnTUEYvN7oGA%253D%253D&continuation=EsEDEgznjovogIXojaPogIAasANTQlNDQVFzdExWWnFNVWhNTUcxaVdZSUJDMWhGUlZoSVEyeEhTVGhuZ2dFTFJ6aHVkV3hDUW1KMlV6aUNBUXR4VTNOYWJYQXdZM1puT0lJQkdGVkRXR3RGYkhCUU0wZzVTWFJPWWpGcE1XVjJSbmRSWjRJQkMxbDRWRmwwU0hoak16QTBnZ0VMUlZoUGJHTmpZMmRaVUdlQ0FRdDVYMmx2V25WVFRFMXJZNElCQzNaa2NsVkpURTluYTBKUmdnRUxkbUpzWkVSMlgzcEVZVkdDQVJoVlEzZGpNR3d5TlRsdU9YRXdWM0ZvTTFsRFFqRmFXRkdDQVFzMmJtcFRTMUpEU2t0NFNZSUJDM3BIT1ZWM2J6Vm5lRmx6Z2dFTFRrcGpObWROVUROVVdWR0NBUXRTYkZkeWFDMWhlbFZGUllJQkMxUnZjR1kxU1VsTlNIVTRnZ0VMTlRGemRsRlBUVFV5ZFd1Q0FRdDFMVjlmWTI1RVkwbHRZNElCQzJNeVIyWjNaR2QxVFhaemdnRVlWVU14Vnpnd1RHMTBhREpQYjBkb1ZWUkJhbEJYTFRKQjZnTUEYvN7oGA%253D%253D&itct=CEEQybcCIhMI3LDn34iz3AIVGbNYCh0WKQG8KPQk
航拍,https://www.youtube.com/results?search_query=%E8%88%AA%E6%8B%8D&pbj=1&ctoken=EqkDEgboiKrmi40angNTQlNDQVF0elJVVjNNRWg2VFVkWmE0SUJDMWhoVDJWSFVFc3lXVVZyZ2dFTGJFcEhNVFpGYVdaQmFXT0NBUXN4ZWxOemIxUnhkR3hpVVlJQklsQk1jVTlsV1hoWlFrNVJUbXhCYlhoWU1WaGZhRXhFTkZveFprWmhZbGhaU1RtQ0FRdHZSVmRTUzB0RlNuWTRSWUlCQzJsa1ZtaHNSV0ozVnpRd2dnRUxTalExYUhscWQxVnhiR09DQVFzMFdEVlljM1ZmYVRkaWE0SUJDMEZIVGxaM1VFRkVObkpSZ2dFTFZWOUxhbGR2UkVRNVJqaUNBUXRrTUdWTVNXTlRNRFZVVllJQkMycEdaRXhyWjBSVExWRkZnZ0VMVjI5MU5sYzFhVlJEUWttQ0FRdExMWE10TmpOV1J6SmhUWUlCQ3psSWRVd3RTRnBSYmtsRmdnRUxSUzFOZFhrNVozWXRaMnVDQVF0SVVqWjJkMFZLVld4RE5JSUJDMjVIZFU5RVEwRkpjbTlGZ2dFTGRIWXpSMDB4Y1VNd2JEanFBd0ElM0QYvN7oGA%253D%253D&continuation=EqkDEgboiKrmi40angNTQlNDQVF0elJVVjNNRWg2VFVkWmE0SUJDMWhoVDJWSFVFc3lXVVZyZ2dFTGJFcEhNVFpGYVdaQmFXT0NBUXN4ZWxOemIxUnhkR3hpVVlJQklsQk1jVTlsV1hoWlFrNVJUbXhCYlhoWU1WaGZhRXhFTkZveFprWmhZbGhaU1RtQ0FRdHZSVmRTUzB0RlNuWTRSWUlCQzJsa1ZtaHNSV0ozVnpRd2dnRUxTalExYUhscWQxVnhiR09DQVFzMFdEVlljM1ZmYVRkaWE0SUJDMEZIVGxaM1VFRkVObkpSZ2dFTFZWOUxhbGR2UkVRNVJqaUNBUXRrTUdWTVNXTlRNRFZVVllJQkMycEdaRXhyWjBSVExWRkZnZ0VMVjI5MU5sYzFhVlJEUWttQ0FRdExMWE10TmpOV1J6SmhUWUlCQ3psSWRVd3RTRnBSYmtsRmdnRUxSUzFOZFhrNVozWXRaMnVDQVF0SVVqWjJkMFZLVld4RE5JSUJDMjVIZFU5RVEwRkpjbTlGZ2dFTGRIWXpSMDB4Y1VNd2JEanFBd0ElM0QYvN7oGA%253D%253D&itct=CEEQybcCIhMIpcDD4Iiz3AIVGU5YCh2nXQ_hKPQk
IT业界,https://www.youtube.com/results?search_query=IT%E4%B8%9A%E7%95%8C&pbj=1&ctoken=EokDEghJVOS4mueVjBr8AlNCU0NBUXRtUm1ZdGFXbFNXVFJVZDRJQkMyeDBRMnBvTlc0MVdWaEZnZ0VMUnpWM1NGQTBkRVEzVjNlQ0FRdGljMFV3VjFjeFdtcE1TWUlCQzE5S2JFRmFkMDlQVFZOVmdnRUxVVzVCZHpoRlEwNXRTMk9DQVFzdGQwMVlTRGxuYkc0ME9JSUJDMmRYUW5kcmNtTkxTbTFKZ2dFTFRuRmpVMk5JU2xsME1GR0NBUXN6ZVVwb1ZucDFiRUo1VFlJQkMyazBaRVZoYlRZMGFteEJnZ0VMYm1aTVNsZGlMVTlGTm5PQ0FRdE9kVWRMYjBoSlpXRlhjNElCQzJjemQwd3ROWE5UY0RNMGdnRUxaVlZoYTFCNGREWmFTRUdDQVF0UlMwOWhORTU1YjBaUmM0SUJDMEZYV2t0aGJGaHNWM1ZKZ2dFTFNrbzNOVXhIYTJaQ1ZEU0NBUXN0UzBSUmVrbDJPRkZMWjRJQkMwMUVZV2xDTVZCV1kzQkI2Z01BGLze6Bg%253D&continuation=EokDEghJVOS4mueVjBr8AlNCU0NBUXRtUm1ZdGFXbFNXVFJVZDRJQkMyeDBRMnBvTlc0MVdWaEZnZ0VMUnpWM1NGQTBkRVEzVjNlQ0FRdGljMFV3VjFjeFdtcE1TWUlCQzE5S2JFRmFkMDlQVFZOVmdnRUxVVzVCZHpoRlEwNXRTMk9DQVFzdGQwMVlTRGxuYkc0ME9JSUJDMmRYUW5kcmNtTkxTbTFKZ2dFTFRuRmpVMk5JU2xsME1GR0NBUXN6ZVVwb1ZucDFiRUo1VFlJQkMyazBaRVZoYlRZMGFteEJnZ0VMYm1aTVNsZGlMVTlGTm5PQ0FRdE9kVWRMYjBoSlpXRlhjNElCQzJjemQwd3ROWE5UY0RNMGdnRUxaVlZoYTFCNGREWmFTRUdDQVF0UlMwOWhORTU1YjBaUmM0SUJDMEZYV2t0aGJGaHNWM1ZKZ2dFTFNrbzNOVXhIYTJaQ1ZEU0NBUXN0UzBSUmVrbDJPRkZMWjRJQkMwMUVZV2xDTVZCV1kzQkI2Z01BGLze6Bg%253D&itct=CEEQybcCIhMI-Ouf4Yiz3AIVllpgCh3qvgJaKPQk
晚会,https://www.youtube.com/results?search_query=%E6%99%9A%E4%BC%9A&pbj=1&ctoken=ErcDEgbmmZrkvJoarANTQlNDQVJoVlEycHVTalJpZFhGaWJuQlNWbUZVTTBsRVZWRlFXbEdDQVF0R1pWSnBPRFpFWTJaNVFZSUJDemxTYWpaNWQwNUZRelJCZ2dFTFMyNUxUVEUzVjJSRWIwbUNBUXQ2T0VrMGFtbGpkSEIwV1lJQkMybFFhRk10YW5CRVRHNUJnZ0VMYjBSU1VtRldURGhxTkZHQ0FRdGxlRmhEV0VSYVNUQjVRWUlCQ3poU1RtaHZOa3R2VWxoM2dnRUxUMk5LWnpWR1NFbFliRFNDQVF0MlEwUkVXV0pmVFRKQ05JSUJDM3BEWVdveWJITkpPVWR6Z2dFTFRVcDRTVXRJY3pCRFRuT0NBUXRNV0hWTlR6Z3hZVWhGVFlJQkMwaDJUMjFCTVdOU2RuZFZnZ0VMYTFKc2RWVTJka0pJVEVHQ0FRdEZiRlkxVDFZMWNrVkRZNElCSWxCTU5sb3dSMGwxT1VsaVEydGpPV2d6VjFGUFdtRXlZbEo2VEZaR1VuRlRaVzJDQVF0ek9YcFlTa3BQY2xablJZSUJDMVF4U2xkWlZrdG1ZMnB2NmdNQRi83ugY&continuation=ErcDEgbmmZrkvJoarANTQlNDQVJoVlEycHVTalJpZFhGaWJuQlNWbUZVTTBsRVZWRlFXbEdDQVF0R1pWSnBPRFpFWTJaNVFZSUJDemxTYWpaNWQwNUZRelJCZ2dFTFMyNUxUVEUzVjJSRWIwbUNBUXQ2T0VrMGFtbGpkSEIwV1lJQkMybFFhRk10YW5CRVRHNUJnZ0VMYjBSU1VtRldURGhxTkZHQ0FRdGxlRmhEV0VSYVNUQjVRWUlCQ3poU1RtaHZOa3R2VWxoM2dnRUxUMk5LWnpWR1NFbFliRFNDQVF0MlEwUkVXV0pmVFRKQ05JSUJDM3BEWVdveWJITkpPVWR6Z2dFTFRVcDRTVXRJY3pCRFRuT0NBUXRNV0hWTlR6Z3hZVWhGVFlJQkMwaDJUMjFCTVdOU2RuZFZnZ0VMYTFKc2RWVTJka0pJVEVHQ0FRdEZiRlkxVDFZMWNrVkRZNElCSWxCTU5sb3dSMGwxT1VsaVEydGpPV2d6VjFGUFdtRXlZbEo2VEZaR1VuRlRaVzJDQVF0ek9YcFlTa3BQY2xablJZSUJDMVF4U2xkWlZrdG1ZMnB2NmdNQRi83ugY&itct=CEEQybcCIhMIoPD34Yiz3AIViXEqCh1iPQ5MKPQk
都市,https://www.youtube.com/results?search_query=%E9%83%BD%E5%B8%82&pbj=1&ctoken=EocDEgbpg73luIIa_AJTQlNDQVF0NFJFeHhTM0EyVUhoTlNZSUJDMDVPVUV4c2VtNHdWbmhKZ2dFTFl6bHhVMG96Vm1sUFdYT0NBUXRVYlROaVExZGphamRvVVlJQkMyc3hkRTR3TFc4NFJsUTBnZ0VMWmtJd01WVnBhVTFNYmxtQ0FRdE1VakpyZHkweVVqQTNZNElCQzFwcFozRnRWMGQwVkdSamdnRUxSR3hvTFU5bmMwZEZSMDJDQVF0UlRXeHVaa013ZDFka2I0SUJDekpKV1ZsSU4yeDJTRWRCZ2dFTFppMVlaM1JFYzFSeU0wbUNBUXRFYUdGZkxYTldXREF0VllJQkMzRmpjbmxPYm5GVlpHOUZnZ0VMZFc1Wk1YTnBSMnhHY1ZtQ0FRczJOekZGTTI1SVRsSnNUWUlCQzNCblgzRkhOVzFET0VRNGdnRUxSbmxOV0hSVE5FaExlVGlDQVF0NldsSjZXblpRZVc5WE5JSUJDemMzYUU5MVRWSkJSbnBuNmdNQRi83ugY&continuation=EocDEgbpg73luIIa_AJTQlNDQVF0NFJFeHhTM0EyVUhoTlNZSUJDMDVPVUV4c2VtNHdWbmhKZ2dFTFl6bHhVMG96Vm1sUFdYT0NBUXRVYlROaVExZGphamRvVVlJQkMyc3hkRTR3TFc4NFJsUTBnZ0VMWmtJd01WVnBhVTFNYmxtQ0FRdE1VakpyZHkweVVqQTNZNElCQzFwcFozRnRWMGQwVkdSamdnRUxSR3hvTFU5bmMwZEZSMDJDQVF0UlRXeHVaa013ZDFka2I0SUJDekpKV1ZsSU4yeDJTRWRCZ2dFTFppMVlaM1JFYzFSeU0wbUNBUXRFYUdGZkxYTldXREF0VllJQkMzRmpjbmxPYm5GVlpHOUZnZ0VMZFc1Wk1YTnBSMnhHY1ZtQ0FRczJOekZGTTI1SVRsSnNUWUlCQzNCblgzRkhOVzFET0VRNGdnRUxSbmxOV0hSVE5FaExlVGlDQVF0NldsSjZXblpRZVc5WE5JSUJDemMzYUU5MVRWSkJSbnBuNmdNQRi83ugY&itct=CEEQybcCIhMIi-rN4oiz3AIVAuBYCh0zTQssKPQk
访谈,https://www.youtube.com/results?search_query=%E8%AE%BF%E8%B0%88&pbj=1&ctoken=Ep8DEgborr_osIgalANTQlNDQVJoVlEzSktVR2Q1VVdzNVNFTjJjako0Y0RGclNGOWlkbWVDQVF0cmRURnZNWGhvWlVOMFdZSUJDek5YVTBScFVEVkZXSHBCZ2dFTFNERlVlbnBCVkd4amVHT0NBUXRvWW1zM2IyMWhaR0Z0YTRJQkMyOTNiSEZwWlVkMVVHaFpnZ0VMUkhGWFpsRmpNVWhVUjJlQ0FRdE1Ra2htVGxsV2NFMDJOSUlCQzA4MVVqQkJWWFpxUTFBd2dnRUxhSFEyU1hKbVdsbGpjbG1DQVF0NExVOTBRbnBWTUdoM05JSUJDMWRTYkdKak1HbE9kRk5SZ2dFTE56bDFlVTVIZDJ4RmJ6Q0NBUXRoV2xSWGJsaGhlV1pWVFlJQkMzSTFNSFJpVVVwaVRsa3dnZ0VMVDJGd1puRktVamRmV1dlQ0FRc3RRVTlLV2psYVR6ZDBVWUlCQzFoUlFURjFiSEJpU0U0MGdnRUxhMTlyVVc0eVNHVjJWMEdDQVF0NWRIRlFTREZDZG5WamMtb0RBQSUzRCUzRBi83ugY&continuation=Ep8DEgborr_osIgalANTQlNDQVJoVlEzSktVR2Q1VVdzNVNFTjJjako0Y0RGclNGOWlkbWVDQVF0cmRURnZNWGhvWlVOMFdZSUJDek5YVTBScFVEVkZXSHBCZ2dFTFNERlVlbnBCVkd4amVHT0NBUXRvWW1zM2IyMWhaR0Z0YTRJQkMyOTNiSEZwWlVkMVVHaFpnZ0VMUkhGWFpsRmpNVWhVUjJlQ0FRdE1Ra2htVGxsV2NFMDJOSUlCQzA4MVVqQkJWWFpxUTFBd2dnRUxhSFEyU1hKbVdsbGpjbG1DQVF0NExVOTBRbnBWTUdoM05JSUJDMWRTYkdKak1HbE9kRk5SZ2dFTE56bDFlVTVIZDJ4RmJ6Q0NBUXRoV2xSWGJsaGhlV1pWVFlJQkMzSTFNSFJpVVVwaVRsa3dnZ0VMVDJGd1puRktVamRmV1dlQ0FRc3RRVTlLV2psYVR6ZDBVWUlCQzFoUlFURjFiSEJpU0U0MGdnRUxhMTlyVVc0eVNHVjJWMEdDQVF0NWRIRlFTREZDZG5WamMtb0RBQSUzRCUzRBi83ugY&itct=CEEQybcCIhMIt_2x44iz3AIVBMZYCh3thQtlKPQk
校园,https://www.youtube.com/results?search_query=%E6%A0%A1%E5%9B%AD&pbj=1&ctoken=EssDEgbmoKHlm60awANTQlNDQVF0TE0wTlZTblZOVVd4Tk9JSUJDMnRqUmxoblJFSmhWRmx2Z2dFTFYyeEhRVEpXVVhSNmFGV0NBUXRzYUY4eFZtVklhbkkwTklJQkMwSmhaMnBIZEdvdFEwVnZnZ0VMU3psTE9FUmhUV2RtU2pTQ0FTSlFURGQ1VG14ZlpHeFRSa3BMWm1KalpIbFlhVWxxVldscmEyWTFkRlJZY0RKdWdnRUxSMTlxVGtaTWNqRjZjbG1DQVF0U2RWUm1Wak5qVG5Oek1JSUJDMUl4Um10UGNrVjBjV0ZyZ2dFTFdqaDZVM0I1V2xOR1NWV0NBUXRJZDFCZlFrZEpZVVJDYjRJQkMwMVRlSFJ5WTFOU2N6WjNnZ0VMWmtkdU5GTkZUbVoxUlZtQ0FRdGFjbWRqYjI5R2EzcDBhNElCQzNkT2FYaEZYMnhFU1ZoamdnRUxkbTh5T1Zsd1pHOHhkR2VDQVF0alJsUnVYMkpUVjIwelNZSUJJbEJNUzJWS1EydDRjbnBGWm1sWU1XbFFTWE5uWjFOTGEwVTJjVkJpU1dWbmFFU0NBUXRGVnpoR1IzTmlTVmxaYi1vREFBJTNEJTNEGLze6Bg%253D&continuation=EssDEgbmoKHlm60awANTQlNDQVF0TE0wTlZTblZOVVd4Tk9JSUJDMnRqUmxoblJFSmhWRmx2Z2dFTFYyeEhRVEpXVVhSNmFGV0NBUXRzYUY4eFZtVklhbkkwTklJQkMwSmhaMnBIZEdvdFEwVnZnZ0VMU3psTE9FUmhUV2RtU2pTQ0FTSlFURGQ1VG14ZlpHeFRSa3BMWm1KalpIbFlhVWxxVldscmEyWTFkRlJZY0RKdWdnRUxSMTlxVGtaTWNqRjZjbG1DQVF0U2RWUm1Wak5qVG5Oek1JSUJDMUl4Um10UGNrVjBjV0ZyZ2dFTFdqaDZVM0I1V2xOR1NWV0NBUXRJZDFCZlFrZEpZVVJDYjRJQkMwMVRlSFJ5WTFOU2N6WjNnZ0VMWmtkdU5GTkZUbVoxUlZtQ0FRdGFjbWRqYjI5R2EzcDBhNElCQzNkT2FYaEZYMnhFU1ZoamdnRUxkbTh5T1Zsd1pHOHhkR2VDQVF0alJsUnVYMkpUVjIwelNZSUJJbEJNUzJWS1EydDRjbnBGWm1sWU1XbFFTWE5uWjFOTGEwVTJjVkJpU1dWbmFFU0NBUXRGVnpoR1IzTmlTVmxaYi1vREFBJTNEJTNEGLze6Bg%253D&itct=CEEQybcCIhMIw-uJ5Iiz3AIVimdYCh1LrwvIKPQk
电子竞技,https://www.youtube.com/results?search_query=%E7%94%B5%E5%AD%90%E7%AB%9E%E6%8A%80&pbj=1&ctoken=Eo0DEgznlLXlrZDnq57mioAa_AJTQlNDQVF0VlZtSllhV2hSZVdsck9JSUJDMXBEZDNseloyNWZjRE4zZ2dFTGNGTmxabGxPVjJzMlNsR0NBUXM0WkdKSFpVSklTV3MzYTRJQkMzbGxVbWhZYkV4dlZ5MU5nZ0VMTFhRNU9HOW5iWFZXVG0tQ0FRdEtjRjkzWkd4UmFVWmlWWUlCQ3pCU1JHcFJjVGRsVUV4dmdnRUxkRzFTTmxCbk5rNVJUMW1DQVF0b2JGbDBTVkJyUVhWc2M0SUJDMmxRTmpSdlZEVkxkRzVKZ2dFTFoyaGpPWFJOVjNKdWNrV0NBUXRXYTNSc1JFaFBhSFZSVVlJQkN6bHlSMEZZYURkeFZWRkpnZ0VMYm1KdlN6aHNjVTVGUld1Q0FRdGxaVmhQZVZOSk5UQnNRWUlCQzNWSVJIUXlkRE5UZUhsemdnRUxaR2gwYURoWFZFUXRVRW1DQVF0SlNIbFJRMFpJUVhwMFdZSUJDMDA0TW1aSFpVZHdNVkZWNmdNQRi83ugY&continuation=Eo0DEgznlLXlrZDnq57mioAa_AJTQlNDQVF0VlZtSllhV2hSZVdsck9JSUJDMXBEZDNseloyNWZjRE4zZ2dFTGNGTmxabGxPVjJzMlNsR0NBUXM0WkdKSFpVSklTV3MzYTRJQkMzbGxVbWhZYkV4dlZ5MU5nZ0VMTFhRNU9HOW5iWFZXVG0tQ0FRdEtjRjkzWkd4UmFVWmlWWUlCQ3pCU1JHcFJjVGRsVUV4dmdnRUxkRzFTTmxCbk5rNVJUMW1DQVF0b2JGbDBTVkJyUVhWc2M0SUJDMmxRTmpSdlZEVkxkRzVKZ2dFTFoyaGpPWFJOVjNKdWNrV0NBUXRXYTNSc1JFaFBhSFZSVVlJQkN6bHlSMEZZYURkeFZWRkpnZ0VMYm1KdlN6aHNjVTVGUld1Q0FRdGxaVmhQZVZOSk5UQnNRWUlCQzNWSVJIUXlkRE5UZUhsemdnRUxaR2gwYURoWFZFUXRVRW1DQVF0SlNIbFJRMFpJUVhwMFdZSUJDMDA0TW1aSFpVZHdNVkZWNmdNQRi83ugY&itct=CEEQybcCIhMI5KTv5Iiz3AIVgmMqCh1N3QVXKPQk
国足,https://www.youtube.com/results?search_query=%E5%9B%BD%E8%B6%B3&pbj=1&ctoken=EocDEgblm73otrMa_AJTQlNDQVFzeVdWWk9kRWRFV0hrM2Q0SUJDMk14Ums5clFWaHNZVU5qZ2dFTFNYTnJPR2d3VG1GWFJUaUNBUXRYU1VGYVMyZDRZamxmU1lJQkN6TlFZV3BqY1VKWllqWTRnZ0VMVGtwdWNXb3lWRmRxWjNPQ0FRdFBWbmhPWmxSb1QxcElkNElCQzNnd2NHVm1hVkJVY2xOVmdnRUxVSGN0VkVoSk5WTTBZWGVDQVF0dGNUWTFNR3N0Y0ZRelNZSUJDMjFPU1VJMVFWTnFOakpSZ2dFTFV6Tm1OV1Y0V0doQkxYT0NBUXRsYzJ0U1NrRlZTR1pSZDRJQkMydDFWMVpxYmt0MGJGcGpnZ0VMVm5vdFRYSjBZMngzWldPQ0FRdHJObU00UjJoZlpXRkdSWUlCQ3kxTlFraEllRjl4VDFaVmdnRUxlRzFaU0RBeldHTjJZbmVDQVF0UlVUazNlVkZ4UjB4WmE0SUJDMVJwUTBkclpsRTFlbTlaNmdNQRi83ugY&continuation=EocDEgblm73otrMa_AJTQlNDQVFzeVdWWk9kRWRFV0hrM2Q0SUJDMk14Ums5clFWaHNZVU5qZ2dFTFNYTnJPR2d3VG1GWFJUaUNBUXRYU1VGYVMyZDRZamxmU1lJQkN6TlFZV3BqY1VKWllqWTRnZ0VMVGtwdWNXb3lWRmRxWjNPQ0FRdFBWbmhPWmxSb1QxcElkNElCQzNnd2NHVm1hVkJVY2xOVmdnRUxVSGN0VkVoSk5WTTBZWGVDQVF0dGNUWTFNR3N0Y0ZRelNZSUJDMjFPU1VJMVFWTnFOakpSZ2dFTFV6Tm1OV1Y0V0doQkxYT0NBUXRsYzJ0U1NrRlZTR1pSZDRJQkMydDFWMVpxYmt0MGJGcGpnZ0VMVm5vdFRYSjBZMngzWldPQ0FRdHJObU00UjJoZlpXRkdSWUlCQ3kxTlFraEllRjl4VDFaVmdnRUxlRzFaU0RBeldHTjJZbmVDQVF0UlVUazNlVkZ4UjB4WmE0SUJDMVJwUTBkclpsRTFlbTlaNmdNQRi83ugY&itct=CEEQybcCIhMIiNnC5Yiz3AIV0HhYCh0wSgRBKPQk
中国篮球,https://www.youtube.com/results?search_query=%E4%B8%AD%E5%9B%BD%E7%AF%AE%E7%90%83&pbj=1&ctoken=Eo0DEgzkuK3lm73nr67nkIMa_AJTQlNDQVF0TmVEZHRia1p6V0RKc1VZSUJDM0Z2Vm5WVWQyUnBaR3B6Z2dFTFkwWXRVR3RwWW1OSlMxbUNBUXM0U2s5alVtOUJRVVJDWjRJQkN6bDJVbXQzVldwd2FHNVpnZ0VMWVV4UWJFSmlVVmxrUkUyQ0FRdHVXbmxuVWtJeU9GbGxPSUlCQzI5VU1rZFhjR2hPUW1aTmdnRUxUR0YzY2sxMlVIRTRObU9DQVF0UlYwbHRTVUZaWWkxVE9JSUJDMmh2YXpJeFNHYzNXazkzZ2dFTGJtaGpjbXhtVUY5TVpFR0NBUXMzWlc1d2FHMXFhMDVWUllJQkMySkNTakpNWjE5SFZVeHJnZ0VMTWtGbExYQkNPSHA1YkZXQ0FRdFpUSFZVTFhWUE1XdEVkNElCQzJSS1FWOHlWVmREWlV3NGdnRUxNV3BzYjNaeGJuRmhlVENDQVFzeGJrUkJRbTlOZUhGWlRZSUJDMUJ2U0U5dVJXWlZRamRyNmdNQRi83ugY&continuation=Eo0DEgzkuK3lm73nr67nkIMa_AJTQlNDQVF0TmVEZHRia1p6V0RKc1VZSUJDM0Z2Vm5WVWQyUnBaR3B6Z2dFTFkwWXRVR3RwWW1OSlMxbUNBUXM0U2s5alVtOUJRVVJDWjRJQkN6bDJVbXQzVldwd2FHNVpnZ0VMWVV4UWJFSmlVVmxrUkUyQ0FRdHVXbmxuVWtJeU9GbGxPSUlCQzI5VU1rZFhjR2hPUW1aTmdnRUxUR0YzY2sxMlVIRTRObU9DQVF0UlYwbHRTVUZaWWkxVE9JSUJDMmh2YXpJeFNHYzNXazkzZ2dFTGJtaGpjbXhtVUY5TVpFR0NBUXMzWlc1d2FHMXFhMDVWUllJQkMySkNTakpNWjE5SFZVeHJnZ0VMTWtGbExYQkNPSHA1YkZXQ0FRdFpUSFZVTFhWUE1XdEVkNElCQzJSS1FWOHlWVmREWlV3NGdnRUxNV3BzYjNaeGJuRmhlVENDQVFzeGJrUkJRbTlOZUhGWlRZSUJDMUJ2U0U5dVJXWlZRamRyNmdNQRi83ugY&itct=CEEQybcCIhMIz_Ce5oiz3AIVBkVgCh21NgjnKPQk
曲艺,https://www.youtube.com/results?search_query=%E6%9B%B2%E8%89%BA&pbj=1&ctoken=EtEDEgbmm7LoiboaxgNTQlNDQVF0T1dsSkNURUZ4ZG5WeE9JSUJJbEJNZVVveGJsVm1hV2wwUkdjeWNHZFdMVTF5WjFOU01GWnhaRmt0TUVvM2FER0NBUXRVVVZSSWVUVjFjV2RGUllJQkMxRllYelpSVjA1aFRrcFJnZ0VMTkc1bFkySnplVll0WjFHQ0FRdERRakZTYjJsaFpqZGlhNElCQzI1VVREUTViblJpYzJrMGdnRUxVRFpKZURRd1ZEQmlTbU9DQVF0WmFqaHZSVGhqYkVzelVZSUJFbEJNTWtFeFJEZzFNREU0TVVGQlFVTXdNb0lCQzBoSWNIVmpVazlCTlRVMGdnRUxPR2d6TkdsNVNucFpaMUdDQVNKUVRFNVBSMHQ2V0RnNFJIVXlWVVJDYzBobE1XeDRSMGhmWDNCamFFVnlVRFl5Z2dFTFJFbFRRMlV6TlZBMlNUaUNBUXRWWDNWM1JuUktiR2xHVFlJQkN6SkxWa1pGUjFWTWQwNVpnZ0VMVmtzMmVXSkJSekpFVmtHQ0FRdDFVVjloZVVwWFpGOVVOSUlCQzNCdGRFWnVlazU1U1cxRmdnRUxOWFptUlRoU1dGZE9lVTNxQXdBJTNEGLze6Bg%253D&continuation=EtEDEgbmm7LoiboaxgNTQlNDQVF0T1dsSkNURUZ4ZG5WeE9JSUJJbEJNZVVveGJsVm1hV2wwUkdjeWNHZFdMVTF5WjFOU01GWnhaRmt0TUVvM2FER0NBUXRVVVZSSWVUVjFjV2RGUllJQkMxRllYelpSVjA1aFRrcFJnZ0VMTkc1bFkySnplVll0WjFHQ0FRdERRakZTYjJsaFpqZGlhNElCQzI1VVREUTViblJpYzJrMGdnRUxVRFpKZURRd1ZEQmlTbU9DQVF0WmFqaHZSVGhqYkVzelVZSUJFbEJNTWtFeFJEZzFNREU0TVVGQlFVTXdNb0lCQzBoSWNIVmpVazlCTlRVMGdnRUxPR2d6TkdsNVNucFpaMUdDQVNKUVRFNVBSMHQ2V0RnNFJIVXlWVVJDYzBobE1XeDRSMGhmWDNCamFFVnlVRFl5Z2dFTFJFbFRRMlV6TlZBMlNUaUNBUXRWWDNWM1JuUktiR2xHVFlJQkN6SkxWa1pGUjFWTWQwNVpnZ0VMVmtzMmVXSkJSekpFVmtHQ0FRdDFVVjloZVVwWFpGOVVOSUlCQzNCdGRFWnVlazU1U1cxRmdnRUxOWFptUlRoU1dGZE9lVTNxQXdBJTNEGLze6Bg%253D&itct=CEEQybcCIhMIu8P35oiz3AIVFupYCh1b0QOiKPQk
科学,https://www.youtube.com/results?search_query=%E7%A7%91%E5%AD%A6&pbj=1&ctoken=Ep8DEgbnp5HlraYalANTQlNDQVF0TVUzbFhPRTB6TTNNek1JSUJDM3BEV210UGNqVmpNVXhuZ2dFTExVVjZVbFZqTkdwRk0zZUNBUXR2WDA1MFIxSnhjRFo2UVlJQkMzVnVlREp2WHpSQ01tNDRnZ0VMUkVWeVIxSXpVWFp3ZEVtQ0FRdGFlRVJRUjNKalJtTTRaNElCQzFkd1kzRTFlblZ4TUVKcmdnRUxTWGxDTVRkeExTMXhlSE9DQVF0UFgzaFNPSGxuZFZFdE1JSUJDemx1WW1sa1RVNXpUSEp6Z2dFWVZVTjBNV0ZTY2xsUFVuWkhTVlZQWlVkaWJqaDFSMFpSZ2dFTGVXZFRaVmRUWVdGYVRHdUNBUXRQYlhwUFp6QkhiMnh5YzRJQkMwMWtWbE4yY2xsNGFWVmpnZ0VMTXpSS1EzSTBOa0k0UmpDQ0FRdHZRUzFsU1RKWFVVeFNWWUlCQzJoZlZUQmhOa0pDYzBOamdnRUxjMUJMTjJsS1FtbDVZalNDQVF0S1pFTlRNR1k1YTJ4dU9Pb0RBQSUzRCUzRBi83ugY&continuation=Ep8DEgbnp5HlraYalANTQlNDQVF0TVUzbFhPRTB6TTNNek1JSUJDM3BEV210UGNqVmpNVXhuZ2dFTExVVjZVbFZqTkdwRk0zZUNBUXR2WDA1MFIxSnhjRFo2UVlJQkMzVnVlREp2WHpSQ01tNDRnZ0VMUkVWeVIxSXpVWFp3ZEVtQ0FRdGFlRVJRUjNKalJtTTRaNElCQzFkd1kzRTFlblZ4TUVKcmdnRUxTWGxDTVRkeExTMXhlSE9DQVF0UFgzaFNPSGxuZFZFdE1JSUJDemx1WW1sa1RVNXpUSEp6Z2dFWVZVTjBNV0ZTY2xsUFVuWkhTVlZQWlVkaWJqaDFSMFpSZ2dFTGVXZFRaVmRUWVdGYVRHdUNBUXRQYlhwUFp6QkhiMnh5YzRJQkMwMWtWbE4yY2xsNGFWVmpnZ0VMTXpSS1EzSTBOa0k0UmpDQ0FRdHZRUzFsU1RKWFVVeFNWWUlCQzJoZlZUQmhOa0pDYzBOamdnRUxjMUJMTjJsS1FtbDVZalNDQVF0S1pFTlRNR1k1YTJ4dU9Pb0RBQSUzRCUzRBi83ugY&itct=CEEQybcCIhMImJjT54iz3AIVhZ5YCh3fCQWQKPQk
益智,https://www.youtube.com/results?search_query=%E7%9B%8A%E6%99%BA&pbj=1&ctoken=EuMDEgbnm4rmmboa2ANTQlNDQVF0VFNWbHlOV2xKZFhSWWM0SUJJbEJNYUVOcFRuaGpTbmxYZUhwdGVXbFFibWN4YzI5NU9YQjVYMkoxTFdFemIxS0NBUXMwVUdKRlVrbGFkakphUllJQkN6ZFZRWGRJU0U5TVIxaFpnZ0VMVURscGNFNWtkSGx3ZFd1Q0FRdHlSRGd3WkZKMlJIQldkNElCQzA5dGNFVXdPREpNUW5SbmdnRUxVR05XYzJwM1J6UTJSMUdDQVF0MFkzbERTekZoZVZoSWQ0SUJDMkZJVVRoVVYycHNjVkJuZ2dFTFpuaElYMWwwUzFaU01qaUNBU0pRVEVsSWRXWkZVbWMyVDBONVZUQk5iMTl6YUhkSFlqUlVaRll3ZGxaSWNDMUdnZ0VMWTFnd1JWbzRNekpzVlVtQ0FRdE5UbG8yVVU5bk1GWmZVWUlCQzJKdllVOHdXbll0YlhWdmdnRWlVRXhNWW5keFoyWmllRlo0WTNCNVpuUlZXRmRrUlZwRlVuVjNaMFJFYTAxWVk0SUJDMVZWWVdGMFgyRmlkMlE0Z2dFTFdEUlhkMVU1UkhBeGVFR0NBUXR2WTBsWmEySlBaMG8wVllJQkN6aFVjRTFOU2s1c2FWUTA2Z01BGLze6Bg%253D&continuation=EuMDEgbnm4rmmboa2ANTQlNDQVF0VFNWbHlOV2xKZFhSWWM0SUJJbEJNYUVOcFRuaGpTbmxYZUhwdGVXbFFibWN4YzI5NU9YQjVYMkoxTFdFemIxS0NBUXMwVUdKRlVrbGFkakphUllJQkN6ZFZRWGRJU0U5TVIxaFpnZ0VMVURscGNFNWtkSGx3ZFd1Q0FRdHlSRGd3WkZKMlJIQldkNElCQzA5dGNFVXdPREpNUW5SbmdnRUxVR05XYzJwM1J6UTJSMUdDQVF0MFkzbERTekZoZVZoSWQ0SUJDMkZJVVRoVVYycHNjVkJuZ2dFTFpuaElYMWwwUzFaU01qaUNBU0pRVEVsSWRXWkZVbWMyVDBONVZUQk5iMTl6YUhkSFlqUlVaRll3ZGxaSWNDMUdnZ0VMWTFnd1JWbzRNekpzVlVtQ0FRdE5UbG8yVVU5bk1GWmZVWUlCQzJKdllVOHdXbll0YlhWdmdnRWlVRXhNWW5keFoyWmllRlo0WTNCNVpuUlZXRmRrUlZwRlVuVjNaMFJFYTAxWVk0SUJDMVZWWVdGMFgyRmlkMlE0Z2dFTFdEUlhkMVU1UkhBeGVFR0NBUXR2WTBsWmEySlBaMG8wVllJQkN6aFVjRTFOU2s1c2FWUTA2Z01BGLze6Bg%253D&itct=CEEQybcCIhMIifGo6Iiz3AIVC1tgCh2UMwfqKPQk
诗歌,https://www.youtube.com/results?search_query=%E8%AF%97%E6%AD%8C&pbj=1&ctoken=Ep8GEgbor5fmrYwalAZTQlNDQVNKUVRFWk1lV0prZFZWRFdrNW1ka1IzVjNWQ1dVWmFkV2x5UlRsc2FWcDZVMEpyZ2dFaVVFeE1NMVpEYUUxTFRVMXVPVUYwVFcwd2JHbEpNbVJRV25ONlp6VllWa2hGYjRJQklsQk1Wazh6WlhGWFdVWnliRUZ0ZGs1cFNIazBXVjkwYW1GMmQzVm9OVTFPYTBHQ0FSSlFURGhHUlVJelJEYzNPRVJEUlRBeU9EYUNBUXRwWTJ4d1ptdG1VRlpRTklJQkMwTk5jVU5PY1ZWblRrWkpnZ0VMVlZCVlJ6UjBjbk14WlRTQ0FTSlFURUpYTjFJeFJIUjFiRjlFWW5STWRFWmhUbU5YVWtOR01VNWZia05NV2xabmdnRWlVRXhoTjIxU2IxSlNRVTFOYUVaR1pURjZkSEJpY1dWNk5uaEJlR1pxVTJOMlFvSUJJbEJNUlRsZldGUmZNbWxaUTFSWFRHWlFXa1JJZWxSVVJVSmFaRmRHY1ZJeVNYQ0NBU0pRVEUxb1drOHlSa2xZVkZSRU4yVlBiV05wZUVkV1JGWk9kWFJ5T0ZGeGFWQklnZ0VpVUV4SFIyNUpMVkpNUlVvNGVVSnNNMTlCVDJaUkxUQk9ORTFRVlVKUlRHZDFVNElCSWxCTWVUVjBSMVJFYjJJeU1GaGZVMVZzYm5SUVVsUkVlbE5qUmpVNGRtTkhNMHFDQVF0dldUWlhMV2x4UlZCTWI0SUJJbEJNTTBoSWNUQlZiVkoxVUdsblQyMHhkWFZHTW5wcFdIQlRZVmRVYlY5TlVGbUNBU0pRVEV4QlUydFJaMGMzYkd0clUwTnpRMmQzVTBkcWJUSnlRVEUzWnpOUlUxWjNnZ0VpVUV3NWJsUkJXWEZTUkdsd1ZGbGZiRlpZTVhjMVZVaGZUMnR0YVVZemJIaERVSUlCQzFocGJuTXhTRmxFTkRsM2dnRUxWVzVEWDFKM2QzcFJWbXVDQVNKUVRHaHdiMjFzYldoUFoyVTFlVzFUTjI1R1IwTnNjVFJ4T0V4SU9HSXpkRE4yNmdNQRi83ugY&continuation=Ep8GEgbor5fmrYwalAZTQlNDQVNKUVRFWk1lV0prZFZWRFdrNW1ka1IzVjNWQ1dVWmFkV2x5UlRsc2FWcDZVMEpyZ2dFaVVFeE1NMVpEYUUxTFRVMXVPVUYwVFcwd2JHbEpNbVJRV25ONlp6VllWa2hGYjRJQklsQk1Wazh6WlhGWFdVWnliRUZ0ZGs1cFNIazBXVjkwYW1GMmQzVm9OVTFPYTBHQ0FSSlFURGhHUlVJelJEYzNPRVJEUlRBeU9EYUNBUXRwWTJ4d1ptdG1VRlpRTklJQkMwTk5jVU5PY1ZWblRrWkpnZ0VMVlZCVlJ6UjBjbk14WlRTQ0FTSlFURUpYTjFJeFJIUjFiRjlFWW5STWRFWmhUbU5YVWtOR01VNWZia05NV2xabmdnRWlVRXhoTjIxU2IxSlNRVTFOYUVaR1pURjZkSEJpY1dWNk5uaEJlR1pxVTJOMlFvSUJJbEJNUlRsZldGUmZNbWxaUTFSWFRHWlFXa1JJZWxSVVJVSmFaRmRHY1ZJeVNYQ0NBU0pRVEUxb1drOHlSa2xZVkZSRU4yVlBiV05wZUVkV1JGWk9kWFJ5T0ZGeGFWQklnZ0VpVUV4SFIyNUpMVkpNUlVvNGVVSnNNMTlCVDJaUkxUQk9ORTFRVlVKUlRHZDFVNElCSWxCTWVUVjBSMVJFYjJJeU1GaGZVMVZzYm5SUVVsUkVlbE5qUmpVNGRtTkhNMHFDQVF0dldUWlhMV2x4UlZCTWI0SUJJbEJNTTBoSWNUQlZiVkoxVUdsblQyMHhkWFZHTW5wcFdIQlRZVmRVYlY5TlVGbUNBU0pRVEV4QlUydFJaMGMzYkd0clUwTnpRMmQzVTBkcWJUSnlRVEUzWnpOUlUxWjNnZ0VpVUV3NWJsUkJXWEZTUkdsd1ZGbGZiRlpZTVhjMVZVaGZUMnR0YVVZemJIaERVSUlCQzFocGJuTXhTRmxFTkRsM2dnRUxWVzVEWDFKM2QzcFJWbXVDQVNKUVRHaHdiMjFzYldoUFoyVTFlVzFUTjI1R1IwTnNjVFJ4T0V4SU9HSXpkRE4yNmdNQRi83ugY&itct=CEEQybcCIhMIjr6F6Yiz3AIVFu9YCh2Zng5IKPQk
拍客,https://www.youtube.com/results?search_query=%E6%8B%8D%E5%AE%A2&pbj=1&ctoken=Ep8DEgbmi43lrqIalANTQlNDQVF0UFlUZE1lblZCWVdOcFk0SUJDeTF5YjBOVlpXdDRTbUZKZ2dFTE1HUm9SMWwwUlVwRFVEaUNBUXRVYkhCdk4wTm5jVE5oYzRJQkMyTkRXVWRzTlVWd1ptRm5nZ0VMYlV4eVdVMWZOREJWYUctQ0FRczBNRVJrTjFWWVEwRTFVWUlCQzFOaGF6WmlaR3B0VG10cmdnRUxRa05xZDNRNVkwaG9WV09DQVFzNFV6WkZXbVJ4Wm1SUFVZSUJDMlpMWDBJM1ZXSm9jRlJ2Z2dFTFZtSkdVRkZ1WldjelF6aUNBUXR6UzBWM2IxcEJSVWRHU1lJQkMycExYMFEwYjFvNGRVaGpnZ0VMY2pJMVJUbHlWa2RKTTJPQ0FRdFFReko0UVcxRWVtNUpXWUlCR0ZWRE1rTk5ObXh1TFRWbVRuTXRWRkYyU2tkcGRrNXBRWUlCQzNsTldtdzVkVGxPVm1wamdnRUxTWEkxTXpGeWRFbHBaMFdDQVFzd1ZISmtSakpIVjNKTVJlb0RBQSUzRCUzRBi83ugY&continuation=Ep8DEgbmi43lrqIalANTQlNDQVF0UFlUZE1lblZCWVdOcFk0SUJDeTF5YjBOVlpXdDRTbUZKZ2dFTE1HUm9SMWwwUlVwRFVEaUNBUXRVYkhCdk4wTm5jVE5oYzRJQkMyTkRXVWRzTlVWd1ptRm5nZ0VMYlV4eVdVMWZOREJWYUctQ0FRczBNRVJrTjFWWVEwRTFVWUlCQzFOaGF6WmlaR3B0VG10cmdnRUxRa05xZDNRNVkwaG9WV09DQVFzNFV6WkZXbVJ4Wm1SUFVZSUJDMlpMWDBJM1ZXSm9jRlJ2Z2dFTFZtSkdVRkZ1WldjelF6aUNBUXR6UzBWM2IxcEJSVWRHU1lJQkMycExYMFEwYjFvNGRVaGpnZ0VMY2pJMVJUbHlWa2RKTTJPQ0FRdFFReko0UVcxRWVtNUpXWUlCR0ZWRE1rTk5ObXh1TFRWbVRuTXRWRkYyU2tkcGRrNXBRWUlCQzNsTldtdzVkVGxPVm1wamdnRUxTWEkxTXpGeWRFbHBaMFdDQVFzd1ZISmtSakpIVjNKTVJlb0RBQSUzRCUzRBi83ugY&itct=CEEQybcCIhMIsPLl6Yiz3AIVVdlYCh1vIQiSKPQk
冒险,https://www.youtube.com/results?search_query=%E5%86%92%E9%99%A9&pbj=1&ctoken=EoUEEgblhpLpmaka-gNTQlNDQVF0d1oxZGhjVGRVYjJ4TVk0SUJJbEJNUjJwemFDMUZRbkZrVlUxS2JXSXpVa3hOU1VvMFRYQjZUVUk1VldGa2RraUNBUXR2UmxOb05URnVkREpQYTRJQklsQk1kazVUWDFGWVVuWmxPWEk0UnpGcFUyVjFRVEExUVVGdFMzZEdhVzFLUTNDQ0FTSlFURW95YlVvMFdVOHRWbDk1U1ZCcmQyVlFZa3BCVFV4VGQwc3hWRTVQV1ZneWdnRUxTRVpLYm5jNGFFbFJPWE9DQVF0eVlqaHFlRXR5UVhwNlNZSUJDMkZGVGpWUVJuaHpjWHBaZ2dFTGFVVXdiRGhVZURZeVJFV0NBUXRIV2xsS2JYSTFWRGxpWTRJQkN6QjNjRVZwUnpKdGVHOVZnZ0VpVUV4VlRUaDRNakkwU25KWU9IQmZZWFYwTjJ0R2VTMHhNVk5PZVdrd2ExSmFRNElCQzNaQk1TMHpkbmhmVW1nMGdnRUxUbW90Um5saFFWVmZRazJDQVFzMlMxOU5WVE5wWms1VWE0SUJDM2hEWTFCMWFIbHNObUZCZ2dFTExUZzFVV1ZtT0ZSMldFV0NBUXRRVlY5Q2FHMUhUWEJxYTRJQkMxQktTV0pmUkd4RlpYY3dnZ0VMY1ZwV2FuaHZOMDVpVWpqcUF3QSUzRBi83ugY&continuation=EoUEEgblhpLpmaka-gNTQlNDQVF0d1oxZGhjVGRVYjJ4TVk0SUJJbEJNUjJwemFDMUZRbkZrVlUxS2JXSXpVa3hOU1VvMFRYQjZUVUk1VldGa2RraUNBUXR2UmxOb05URnVkREpQYTRJQklsQk1kazVUWDFGWVVuWmxPWEk0UnpGcFUyVjFRVEExUVVGdFMzZEdhVzFLUTNDQ0FTSlFURW95YlVvMFdVOHRWbDk1U1ZCcmQyVlFZa3BCVFV4VGQwc3hWRTVQV1ZneWdnRUxTRVpLYm5jNGFFbFJPWE9DQVF0eVlqaHFlRXR5UVhwNlNZSUJDMkZGVGpWUVJuaHpjWHBaZ2dFTGFVVXdiRGhVZURZeVJFV0NBUXRIV2xsS2JYSTFWRGxpWTRJQkN6QjNjRVZwUnpKdGVHOVZnZ0VpVUV4VlRUaDRNakkwU25KWU9IQmZZWFYwTjJ0R2VTMHhNVk5PZVdrd2ExSmFRNElCQzNaQk1TMHpkbmhmVW1nMGdnRUxUbW90Um5saFFWVmZRazJDQVFzMlMxOU5WVE5wWms1VWE0SUJDM2hEWTFCMWFIbHNObUZCZ2dFTExUZzFVV1ZtT0ZSMldFV0NBUXRRVlY5Q2FHMUhUWEJxYTRJQkMxQktTV0pmUkd4RlpYY3dnZ0VMY1ZwV2FuaHZOMDVpVWpqcUF3QSUzRBi83ugY&itct=CEEQybcCIhMI6-a96oiz3AIVEcpYCh3sSw3uKPQk
军旅,https://www.youtube.com/results?search_query=%E5%86%9B%E6%97%85&pbj=1&ctoken=EuEEEgblhpvml4Ua1gRTQlNDQVNKUVRIbDFjVUUxUkc1TVpUaGxjREpaYkMwM2JIUTBPR1JQWTFBd1NtNHRTa0k0Z2dFaVVFeFNRa05zVm1WNU5VSnhlWE00Ym5oVVFWOHlYMU5VZEhCclRVTTRTMnRQU1lJQklsQk1TV28wUW5wVGQxRXRYM1ZCYnpoRVJHSm9RbWt4YkZGSVZ6WnVRVFZaU1hDQ0FTSlFUSEZhWTJaVWNVUlZWRVEzY2t0bWFTMXJNblJMY2twSE1tVmFXVXBSVjFkM2dnRWlVRXhEUkZOV1kzZGlUR1JFY25odGRrZEtRbHBhTVVoQ2FqaEpRVzUyYWtoTlNvSUJJbEJNYW1wUVREWlZSbEZITm5KT2IxRkxkVGhNTnpWSGQxbFNUa0V4Tlc0ME1tLUNBUXMzU0ZsbGFGaHNPWE5HT0lJQkN6VlFTekpyY1Vsa1MycEpnZ0VMWm5oVFVERm1OMm8zTTItQ0FRdExhR2xQTkdkUU5UUjRiNElCQ3poWFlVRkdNazFwVW1sM2dnRUxNbkV6TXpZdFpISnFWekNDQVF0cGVFVnJUazVuVm1WNVdZSUJDMEZCU2pWR1JWaEhSRk0wZ2dFTFJGbEhSSGxMWkhwZldsbUNBUXQwZGw5emJqbG9WWEUyYjRJQkMwRXhTV0pwY1RGamQzSlZnZ0VMVUd4WFFtRXpUMlJDTWxXQ0FTSlFURWxZTjI5eFEyTnBlVVJ4ZUhGWWFsUkZNbnBPVURaSlFXSkZlbXBxTVcxemdnRUxPWE5RYlV0NVpYWk1RMDNxQXdBJTNEGLze6Bg%253D&continuation=EuEEEgblhpvml4Ua1gRTQlNDQVNKUVRIbDFjVUUxUkc1TVpUaGxjREpaYkMwM2JIUTBPR1JQWTFBd1NtNHRTa0k0Z2dFaVVFeFNRa05zVm1WNU5VSnhlWE00Ym5oVVFWOHlYMU5VZEhCclRVTTRTMnRQU1lJQklsQk1TV28wUW5wVGQxRXRYM1ZCYnpoRVJHSm9RbWt4YkZGSVZ6WnVRVFZaU1hDQ0FTSlFUSEZhWTJaVWNVUlZWRVEzY2t0bWFTMXJNblJMY2twSE1tVmFXVXBSVjFkM2dnRWlVRXhEUkZOV1kzZGlUR1JFY25odGRrZEtRbHBhTVVoQ2FqaEpRVzUyYWtoTlNvSUJJbEJNYW1wUVREWlZSbEZITm5KT2IxRkxkVGhNTnpWSGQxbFNUa0V4Tlc0ME1tLUNBUXMzU0ZsbGFGaHNPWE5HT0lJQkN6VlFTekpyY1Vsa1MycEpnZ0VMWm5oVFVERm1OMm8zTTItQ0FRdExhR2xQTkdkUU5UUjRiNElCQ3poWFlVRkdNazFwVW1sM2dnRUxNbkV6TXpZdFpISnFWekNDQVF0cGVFVnJUazVuVm1WNVdZSUJDMEZCU2pWR1JWaEhSRk0wZ2dFTFJGbEhSSGxMWkhwZldsbUNBUXQwZGw5emJqbG9WWEUyYjRJQkMwRXhTV0pwY1RGamQzSlZnZ0VMVUd4WFFtRXpUMlJDTWxXQ0FTSlFURWxZTjI5eFEyTnBlVVJ4ZUhGWWFsUkZNbnBPVURaSlFXSkZlbXBxTVcxemdnRUxPWE5RYlV0NVpYWk1RMDNxQXdBJTNEGLze6Bg%253D&itct=CEEQybcCIhMI5OCT64iz3AIV0HhYCh0J8QhqKPQk
